-- MySQL dump 10.13  Distrib 8.0.43, for Win64 (x86_64)
--
-- Host: localhost    Database: aggresand_db
-- ------------------------------------------------------
-- Server version	8.0.43

/*!40101 SET @OLD_CHARACTER_SET_CLIENT=@@CHARACTER_SET_CLIENT */;
/*!40101 SET @OLD_CHARACTER_SET_RESULTS=@@CHARACTER_SET_RESULTS */;
/*!40101 SET @OLD_COLLATION_CONNECTION=@@COLLATION_CONNECTION */;
/*!50503 SET NAMES utf8 */;
/*!40103 SET @OLD_TIME_ZONE=@@TIME_ZONE */;
/*!40103 SET TIME_ZONE='+00:00' */;
/*!40014 SET @OLD_UNIQUE_CHECKS=@@UNIQUE_CHECKS, UNIQUE_CHECKS=0 */;
/*!40014 SET @OLD_FOREIGN_KEY_CHECKS=@@FOREIGN_KEY_CHECKS, FOREIGN_KEY_CHECKS=0 */;
/*!40101 SET @OLD_SQL_MODE=@@SQL_MODE, SQL_MODE='NO_AUTO_VALUE_ON_ZERO' */;
/*!40111 SET @OLD_SQL_NOTES=@@SQL_NOTES, SQL_NOTES=0 */;

--
-- Temporary view structure for view `active_company`
--

DROP TABLE IF EXISTS `active_company`;
/*!50001 DROP VIEW IF EXISTS `active_company`*/;
SET @saved_cs_client     = @@character_set_client;
/*!50503 SET character_set_client = utf8mb4 */;
/*!50001 CREATE VIEW `active_company` AS SELECT 
 1 AS `company_id`,
 1 AS `company_name`,
 1 AS `address`,
 1 AS `contact_no`,
 1 AS `email`,
 1 AS `status`,
 1 AS `is_deleted`,
 1 AS `date_created`,
 1 AS `date_edited`,
 1 AS `created_by`,
 1 AS `edited_by`*/;
SET character_set_client = @saved_cs_client;

--
-- Temporary view structure for view `active_customer`
--

DROP TABLE IF EXISTS `active_customer`;
/*!50001 DROP VIEW IF EXISTS `active_customer`*/;
SET @saved_cs_client     = @@character_set_client;
/*!50503 SET character_set_client = utf8mb4 */;
/*!50001 CREATE VIEW `active_customer` AS SELECT 
 1 AS `customer_id`,
 1 AS `company_id`,
 1 AS `contractor_id`,
 1 AS `site_id`,
 1 AS `customer_name`,
 1 AS `contact_no`,
 1 AS `email`,
 1 AS `address`,
 1 AS `status`,
 1 AS `is_deleted`,
 1 AS `date_created`,
 1 AS `date_edited`,
 1 AS `created_by`,
 1 AS `edited_by`*/;
SET character_set_client = @saved_cs_client;

--
-- Temporary view structure for view `active_delivery`
--

DROP TABLE IF EXISTS `active_delivery`;
/*!50001 DROP VIEW IF EXISTS `active_delivery`*/;
SET @saved_cs_client     = @@character_set_client;
/*!50503 SET character_set_client = utf8mb4 */;
/*!50001 CREATE VIEW `active_delivery` AS SELECT 
 1 AS `del_id`,
 1 AS `customer_id`,
 1 AS `delivery_date`,
 1 AS `dr_no`,
 1 AS `truck_id`,
 1 AS `billing_date`,
 1 AS `material`,
 1 AS `quantity`,
 1 AS `unit_price`,
 1 AS `status`,
 1 AS `is_deleted`,
 1 AS `date_created`,
 1 AS `date_edited`,
 1 AS `created_by`,
 1 AS `edited_by`*/;
SET character_set_client = @saved_cs_client;

--
-- Temporary view structure for view `active_truck`
--

DROP TABLE IF EXISTS `active_truck`;
/*!50001 DROP VIEW IF EXISTS `active_truck`*/;
SET @saved_cs_client     = @@character_set_client;
/*!50503 SET character_set_client = utf8mb4 */;
/*!50001 CREATE VIEW `active_truck` AS SELECT 
 1 AS `truck_id`,
 1 AS `plate_no`,
 1 AS `capacity`,
 1 AS `truck_model`,
 1 AS `status`,
 1 AS `is_deleted`,
 1 AS `date_created`,
 1 AS `date_edited`,
 1 AS `created_by`,
 1 AS `edited_by`*/;
SET character_set_client = @saved_cs_client;

--
-- Table structure for table `admin`
--

DROP TABLE IF EXISTS `admin`;
/*!40101 SET @saved_cs_client     = @@character_set_client */;
/*!50503 SET character_set_client = utf8mb4 */;
CREATE TABLE `admin` (
  `admin_id` int NOT NULL AUTO_INCREMENT,
  `username` varchar(50) NOT NULL,
  `email` varchar(100) DEFAULT NULL,
  `role` enum('Admin','Supervisor','Encoder') DEFAULT 'Encoder',
  `password` varchar(255) NOT NULL,
  `last_login` datetime DEFAULT NULL,
  `status` enum('Active','Disabled') DEFAULT 'Active',
  `date_created` datetime DEFAULT CURRENT_TIMESTAMP,
  `date_edited` datetime DEFAULT NULL ON UPDATE CURRENT_TIMESTAMP,
  `created_by` int DEFAULT NULL,
  `edited_by` int DEFAULT NULL,
  PRIMARY KEY (`admin_id`),
  UNIQUE KEY `username` (`username`),
  KEY `created_by` (`created_by`),
  KEY `edited_by` (`edited_by`),
  CONSTRAINT `admin_ibfk_1` FOREIGN KEY (`created_by`) REFERENCES `admin` (`admin_id`) ON DELETE SET NULL ON UPDATE CASCADE,
  CONSTRAINT `admin_ibfk_2` FOREIGN KEY (`edited_by`) REFERENCES `admin` (`admin_id`) ON DELETE SET NULL ON UPDATE CASCADE
) ENGINE=InnoDB AUTO_INCREMENT=3 DEFAULT CHARSET=utf8mb4 COLLATE=utf8mb4_0900_ai_ci;
/*!40101 SET character_set_client = @saved_cs_client */;

--
-- Dumping data for table `admin`
--

LOCK TABLES `admin` WRITE;
/*!40000 ALTER TABLE `admin` DISABLE KEYS */;
INSERT INTO `admin` VALUES (1,'admin','admin@gmail.com','Admin','$2y$12$dfmh98n744XaTucecho/7OVIIRUKKunieWJvp/2L4QAXZP2m6d8ye','2025-12-29 13:26:30','Active','2025-11-26 14:04:46','2025-12-29 13:26:30',1,1),(2,'test','testuser@gmail.com','Encoder','$2y$12$E5hw4pxrq6fjRBzhcajCluVOpt6gXs0XffLtcabppfFln/yNHvs7G','2025-12-22 13:55:36','Active','2025-12-16 12:32:41','2025-12-22 13:55:36',1,2);
/*!40000 ALTER TABLE `admin` ENABLE KEYS */;
UNLOCK TABLES;

--
-- Table structure for table `audit_log`
--

DROP TABLE IF EXISTS `audit_log`;
/*!40101 SET @saved_cs_client     = @@character_set_client */;
/*!50503 SET character_set_client = utf8mb4 */;
CREATE TABLE `audit_log` (
  `log_id` int NOT NULL AUTO_INCREMENT,
  `table_name` varchar(100) DEFAULT NULL,
  `record_id` int DEFAULT NULL,
  `action` enum('CREATE','UPDATE','DELETE','FINALIZE','REOPEN','VOID','PRINT','EXPORT','APPROVE','REJECT') NOT NULL,
  `old_data` text,
  `new_data` text,
  `performed_by` int DEFAULT NULL,
  `timestamp` datetime DEFAULT CURRENT_TIMESTAMP,
  PRIMARY KEY (`log_id`),
  KEY `performed_by` (`performed_by`),
  CONSTRAINT `audit_log_ibfk_1` FOREIGN KEY (`performed_by`) REFERENCES `admin` (`admin_id`) ON DELETE SET NULL ON UPDATE CASCADE
) ENGINE=InnoDB AUTO_INCREMENT=196 DEFAULT CHARSET=utf8mb4 COLLATE=utf8mb4_0900_ai_ci;
/*!40101 SET character_set_client = @saved_cs_client */;

--
-- Dumping data for table `audit_log`
--

LOCK TABLES `audit_log` WRITE;
/*!40000 ALTER TABLE `audit_log` DISABLE KEYS */;
INSERT INTO `audit_log` VALUES (1,'contractor',1,'CREATE',NULL,'{\"contractor_id\":\"\",\"action\":\"create\",\"contractor_name\":\"Jane Doe\",\"contact_person\":\"Jane Doe\",\"contact_no\":\"09145672345\",\"email\":\"janedoe@gmail.com\",\"status\":\"active\"}',1,'2025-12-18 13:47:44'),(2,'site',1,'CREATE',NULL,'{\"site_id\":\"\",\"action\":\"create\",\"site_name\":\"Marikina\",\"remarks\":\"Big Storage\",\"location\":\"Marikina City\",\"status\":\"active\"}',1,'2025-12-18 13:48:03'),(3,'materials',1,'CREATE',NULL,'{\"material_id\":\"\",\"action\":\"create\",\"material_name\":\"Stone\",\"status\":\"active\"}',1,'2025-12-18 13:48:07'),(4,'truck',1,'CREATE',NULL,'{\"truck_id\":\"\",\"action\":\"create\",\"plate_no\":\"ABF 7386\",\"capacity\":\"30\",\"truck_model\":\"Avanza\",\"status\":\"active\"}',1,'2025-12-18 13:48:17'),(5,'company',1,'CREATE',NULL,'{\"company_id\":\"\",\"action\":\"create\",\"company_name\":\"Company 1\",\"address\":\"Quezon City\",\"contact_no\":\"09658739574\",\"email\":\"company1@gmail.com\",\"status\":\"active\"}',1,'2025-12-18 13:48:41'),(6,'statement_of_account',1,'CREATE',NULL,'{\"soa_no\":\"SOA-2025-0001\",\"company_id\":1,\"site_id\":1,\"terms\":\"*\",\"status\":\"draft\"}',1,'2025-12-18 13:48:52'),(7,'customer',1,'CREATE',NULL,'{\"form_type\":\"customer\",\"action\":\"create\",\"customer_id\":\"\",\"soa_id\":\"1\",\"company_id\":\"1\",\"site_id\":\"1\",\"contractor_id\":\"1\",\"customer_name\":\"John Doe\",\"contact_no\":\"09651333574\",\"email\":\"johndoe@gmail.com\",\"address\":\"Quezon City\",\"status\":\"active\"}',1,'2025-12-18 13:49:28'),(8,'delivery',1,'CREATE',NULL,'{\"form_type\":\"delivery\",\"action\":\"create\",\"del_id\":\"\",\"soa_id\":\"1\",\"delivery_customer_id\":\"1\",\"delivery_date\":\"2025-12-18\",\"billing_date\":\"2025-12-21\",\"dr_no\":\"000123\",\"po_number\":\"001\",\"terms\":\"*\",\"truck_id\":\"1\",\"material_id\":\"1\",\"material_name\":\"Stone\",\"quantity\":\"115\",\"unit_price\":\"631\",\"status\":\"pending\"}',1,'2025-12-18 13:50:39'),(9,'statement_of_account',1,'FINALIZE','{\"soa_id\":1,\"soa_no\":\"SOA-2025-0001\",\"company_id\":1,\"site_id\":1,\"terms\":\"*\",\"status\":\"draft\",\"is_deleted\":0,\"created_by\":1,\"edited_by\":1,\"date_created\":\"2025-12-18 13:48:52\",\"date_edited\":\"2025-12-18 13:48:52\",\"date_finalized\":null}','{\"status\":\"finalized\"}',1,'2025-12-18 13:51:12'),(10,'statement_of_account',2,'CREATE',NULL,'{\"soa_no\":\"SOA-2025-0002\",\"company_id\":1,\"site_id\":1,\"terms\":\"15\",\"status\":\"draft\"}',1,'2025-12-18 13:51:34'),(11,'delivery',2,'CREATE',NULL,'{\"form_type\":\"delivery\",\"action\":\"create\",\"del_id\":\"\",\"soa_id\":\"2\",\"delivery_customer_id\":\"1\",\"delivery_date\":\"2025-12-19\",\"billing_date\":\"2025-12-21\",\"dr_no\":\"000125\",\"po_number\":\"002\",\"terms\":\"30\",\"truck_id\":\"1\",\"material_id\":\"1\",\"material_name\":\"Stone\",\"quantity\":\"115\",\"unit_price\":\"6123\",\"status\":\"pending\"}',1,'2025-12-18 13:51:57'),(12,'statement_of_account',2,'FINALIZE','{\"soa_id\":2,\"soa_no\":\"SOA-2025-0002\",\"company_id\":1,\"site_id\":1,\"terms\":\"15\",\"status\":\"draft\",\"is_deleted\":0,\"created_by\":1,\"edited_by\":1,\"date_created\":\"2025-12-18 13:51:34\",\"date_edited\":\"2025-12-18 13:51:34\",\"date_finalized\":null}','{\"status\":\"finalized\"}',1,'2025-12-18 13:52:02'),(13,'statement_of_account',3,'CREATE',NULL,'{\"soa_no\":\"SOA-2025-0003\",\"company_id\":1,\"site_id\":1,\"terms\":\"*\",\"status\":\"draft\"}',1,'2025-12-18 14:01:16'),(14,'delivery',3,'CREATE',NULL,'{\"form_type\":\"delivery\",\"action\":\"create\",\"del_id\":\"\",\"soa_id\":\"3\",\"insert_mode\":\"1\",\"delivery_customer_id\":\"1\",\"delivery_date\":\"2025-12-18\",\"billing_date\":\"2025-12-20\",\"dr_no\":\"000124\",\"po_number\":\"003\",\"truck_id\":\"1\",\"material_id\":\"1\",\"material_name\":\"Stone\",\"quantity\":\"115\",\"unit_price\":\"261\",\"status\":\"pending\"}',1,'2025-12-18 14:01:47'),(15,'delivery',4,'CREATE',NULL,'{\"form_type\":\"delivery\",\"action\":\"create\",\"del_id\":\"\",\"soa_id\":\"3\",\"insert_mode\":\"0\",\"delivery_customer_id\":\"1\",\"delivery_date\":\"2025-12-18\",\"billing_date\":\"2025-12-21\",\"dr_no\":\"125156\",\"po_number\":\"1235\",\"truck_id\":\"1\",\"material_id\":\"1\",\"material_name\":\"Stone\",\"quantity\":\"115\",\"unit_price\":\"51\",\"status\":\"pending\"}',1,'2025-12-18 14:15:36'),(16,'delivery',5,'CREATE',NULL,'{\"form_type\":\"delivery\",\"action\":\"create\",\"del_id\":\"\",\"soa_id\":\"3\",\"insert_mode\":\"1\",\"delivery_customer_id\":\"1\",\"delivery_date\":\"2025-12-18\",\"billing_date\":\"2025-12-20\",\"dr_no\":\"51623\",\"po_number\":\"1631\",\"truck_id\":\"1\",\"material_id\":\"1\",\"material_name\":\"Stone\",\"quantity\":\"5\",\"unit_price\":\"15\",\"status\":\"pending\"}',1,'2025-12-18 14:16:12'),(17,'delivery',6,'CREATE',NULL,'{\"form_type\":\"delivery\",\"action\":\"create\",\"del_id\":\"\",\"soa_id\":\"3\",\"insert_mode\":\"1\",\"delivery_customer_id\":\"1\",\"delivery_date\":\"2025-12-18\",\"billing_date\":\"2025-12-20\",\"dr_no\":\"62321\",\"po_number\":\"12513\",\"truck_id\":\"1\",\"material_id\":\"1\",\"material_name\":\"Stone\",\"quantity\":\"115\",\"unit_price\":\"61\",\"status\":\"pending\"}',1,'2025-12-18 14:22:40'),(18,'delivery',7,'CREATE',NULL,'{\"form_type\":\"delivery\",\"action\":\"create\",\"del_id\":\"\",\"soa_id\":\"3\",\"insert_mode\":\"1\",\"keep\":\"0\",\"delivery_customer_id\":\"1\",\"delivery_date\":\"2025-12-18\",\"billing_date\":\"2025-12-21\",\"dr_no\":\"8546\",\"po_number\":\"6247\",\"truck_id\":\"1\",\"material_id\":\"1\",\"material_name\":\"Stone\",\"quantity\":\"25\",\"unit_price\":\"51\",\"status\":\"pending\"}',1,'2025-12-18 14:41:16'),(19,'delivery',8,'CREATE',NULL,'{\"form_type\":\"delivery\",\"action\":\"create\",\"del_id\":\"\",\"soa_id\":\"3\",\"insert_mode\":\"1\",\"keep\":\"0\",\"delivery_customer_id\":\"1\",\"delivery_date\":\"2025-12-18\",\"billing_date\":\"2025-12-21\",\"dr_no\":\"175723\",\"po_number\":\"12352\",\"truck_id\":\"1\",\"material_id\":\"1\",\"material_name\":\"Stone\",\"quantity\":\"25\",\"unit_price\":\"51\",\"status\":\"pending\"}',1,'2025-12-18 14:42:35'),(20,'delivery',9,'CREATE',NULL,'{\"form_type\":\"delivery\",\"action\":\"create\",\"del_id\":\"\",\"soa_id\":\"3\",\"insert_mode\":\"1\",\"keep\":\"0\",\"delivery_customer_id\":\"1\",\"delivery_date\":\"2025-12-18\",\"billing_date\":\"2025-12-21\",\"dr_no\":\"98679\",\"po_number\":\"23461\",\"truck_id\":\"1\",\"material_id\":\"1\",\"material_name\":\"Stone\",\"quantity\":\"20\",\"unit_price\":\"51\",\"status\":\"pending\"}',1,'2025-12-18 14:52:47'),(21,'delivery',10,'CREATE',NULL,'{\"form_type\":\"delivery\",\"action\":\"create\",\"del_id\":\"\",\"soa_id\":\"3\",\"insert_mode\":\"1\",\"keep\":\"0\",\"delivery_customer_id\":\"1\",\"delivery_date\":\"2025-12-18\",\"billing_date\":\"2025-12-21\",\"dr_no\":\"8568\",\"po_number\":\"23461\",\"truck_id\":\"1\",\"material_id\":\"1\",\"material_name\":\"Stone\",\"quantity\":\"20\",\"unit_price\":\"51\",\"status\":\"pending\"}',1,'2025-12-18 14:52:56'),(22,'delivery',11,'CREATE',NULL,'{\"form_type\":\"delivery\",\"action\":\"create\",\"del_id\":\"\",\"soa_id\":\"3\",\"insert_mode\":\"1\",\"keep\":\"0\",\"delivery_customer_id\":\"1\",\"delivery_date\":\"2025-12-18\",\"billing_date\":\"2025-12-21\",\"dr_no\":\"75698\",\"po_number\":\"2363547\",\"truck_id\":\"1\",\"material_id\":\"1\",\"material_name\":\"Stone\",\"quantity\":\"51\",\"unit_price\":\"51\",\"status\":\"pending\"}',1,'2025-12-18 14:53:10'),(23,'delivery',12,'CREATE',NULL,'{\"form_type\":\"delivery\",\"action\":\"create\",\"del_id\":\"\",\"soa_id\":\"3\",\"insert_mode\":\"1\",\"keep\":\"0\",\"delivery_customer_id\":\"1\",\"delivery_date\":\"2025-12-18\",\"billing_date\":\"2025-12-20\",\"dr_no\":\"513267\",\"po_number\":\"12126\",\"truck_id\":\"1\",\"material_id\":\"1\",\"material_name\":\"Stone\",\"quantity\":\"125\",\"unit_price\":\"156\",\"status\":\"pending\"}',1,'2025-12-18 14:54:35'),(24,'delivery',13,'CREATE',NULL,'{\"form_type\":\"delivery\",\"action\":\"create\",\"del_id\":\"\",\"soa_id\":\"3\",\"insert_mode\":\"1\",\"keep\":\"0\",\"delivery_customer_id\":\"1\",\"delivery_date\":\"2025-12-18\",\"billing_date\":\"2025-12-20\",\"dr_no\":\"74578\",\"po_number\":\"12566\",\"truck_id\":\"1\",\"material_id\":\"1\",\"material_name\":\"Stone\",\"quantity\":\"125\",\"unit_price\":\"156\",\"status\":\"pending\"}',1,'2025-12-18 14:54:46'),(25,'delivery',14,'CREATE',NULL,'{\"form_type\":\"delivery\",\"action\":\"create\",\"del_id\":\"\",\"soa_id\":\"3\",\"insert_mode\":\"1\",\"keep\":\"0\",\"delivery_customer_id\":\"1\",\"delivery_date\":\"2025-12-18\",\"billing_date\":\"2025-12-20\",\"dr_no\":\"74578\",\"po_number\":\"12566\",\"truck_id\":\"1\",\"material_id\":\"1\",\"material_name\":\"Stone\",\"quantity\":\"125\",\"unit_price\":\"156\",\"status\":\"pending\"}',1,'2025-12-18 14:54:58'),(26,'delivery',15,'CREATE',NULL,'{\"form_type\":\"delivery\",\"action\":\"create\",\"del_id\":\"\",\"soa_id\":\"3\",\"insert_mode\":\"0\",\"keep\":\"0\",\"delivery_customer_id\":\"1\",\"delivery_date\":\"2025-12-18\",\"billing_date\":\"2025-12-20\",\"dr_no\":\"74578\",\"po_number\":\"12566\",\"truck_id\":\"1\",\"material_id\":\"1\",\"material_name\":\"Stone\",\"quantity\":\"125\",\"unit_price\":\"156\",\"status\":\"pending\"}',1,'2025-12-18 14:55:16'),(27,'delivery',16,'CREATE',NULL,'{\"form_type\":\"delivery\",\"action\":\"create\",\"del_id\":\"\",\"soa_id\":\"3\",\"insert_mode\":\"1\",\"keep\":\"0\",\"delivery_customer_id\":\"1\",\"delivery_date\":\"2025-12-18\",\"billing_date\":\"2025-12-21\",\"dr_no\":\"163476\",\"po_number\":\"12124\",\"truck_id\":\"1\",\"material_id\":\"1\",\"material_name\":\"Stone\",\"quantity\":\"75\",\"unit_price\":\"74\",\"status\":\"pending\"}',1,'2025-12-18 14:56:23'),(28,'delivery',17,'CREATE',NULL,'{\"form_type\":\"delivery\",\"action\":\"create\",\"del_id\":\"\",\"soa_id\":\"3\",\"insert_mode\":\"1\",\"keep\":\"0\",\"delivery_customer_id\":\"1\",\"delivery_date\":\"2025-12-18\",\"billing_date\":\"2025-12-21\",\"dr_no\":\"12376\",\"po_number\":\"1257\",\"truck_id\":\"1\",\"material_id\":\"1\",\"material_name\":\"Stone\",\"quantity\":\"75\",\"unit_price\":\"74\",\"status\":\"pending\"}',1,'2025-12-18 14:56:31'),(29,'delivery',18,'CREATE',NULL,'{\"form_type\":\"delivery\",\"action\":\"create\",\"del_id\":\"\",\"soa_id\":\"3\",\"insert_mode\":\"1\",\"keep\":\"0\",\"delivery_customer_id\":\"1\",\"delivery_date\":\"2025-12-18\",\"billing_date\":\"2025-12-19\",\"dr_no\":\"12366\",\"po_number\":\"12366\",\"truck_id\":\"1\",\"material_id\":\"1\",\"material_name\":\"Stone\",\"quantity\":\"115\",\"unit_price\":\"51\",\"status\":\"pending\"}',1,'2025-12-18 15:04:26'),(30,'delivery',18,'UPDATE','{\"del_id\":18,\"customer_id\":1,\"soa_id\":3,\"delivery_date\":\"2025-12-18\",\"dr_no\":\"12366\",\"truck_id\":1,\"material\":\"Stone\",\"quantity\":\"115.00\",\"unit_price\":\"51.00\",\"status\":\"Pending\",\"is_deleted\":0,\"date_created\":\"2025-12-18 15:04:26\",\"date_edited\":\"2025-12-18 15:04:26\",\"created_by\":1,\"edited_by\":1,\"terms\":null,\"po_number\":\"12366\",\"billing_date\":\"2025-12-19\"}','{\"form_type\":\"delivery\",\"action\":\"update\",\"del_id\":\"18\",\"soa_id\":\"3\",\"insert_mode\":\"0\",\"keep\":\"0\",\"delivery_customer_id\":\"1\",\"delivery_date\":\"2025-12-18\",\"billing_date\":\"2025-12-19\",\"dr_no\":\"12366\",\"po_number\":\"12366\",\"truck_id\":\"1\",\"material_id\":\"1\",\"material_name\":\"Stone\",\"quantity\":\"115.00\",\"unit_price\":\"51.00\",\"status\":\"pending\"}',1,'2025-12-18 15:30:47'),(31,'delivery',19,'CREATE',NULL,'{\"form_type\":\"delivery\",\"action\":\"create\",\"del_id\":\"\",\"soa_id\":\"3\",\"insert_mode\":\"1\",\"keep\":\"0\",\"delivery_customer_id\":\"1\",\"delivery_date\":\"2025-12-18\",\"dr_no\":\"83124\",\"po_number\":\"83124\",\"truck_id\":\"1\",\"material_id\":\"1\",\"material_name\":\"Stone\",\"quantity\":\"25\",\"unit_price\":\"50\",\"status\":\"pending\"}',1,'2025-12-18 17:02:55'),(32,'delivery',20,'CREATE',NULL,'{\"form_type\":\"delivery\",\"action\":\"create\",\"del_id\":\"\",\"soa_id\":\"3\",\"insert_mode\":\"1\",\"keep\":\"0\",\"delivery_customer_id\":\"1\",\"delivery_date\":\"2025-12-18\",\"dr_no\":\"83125\",\"po_number\":\"83125\",\"truck_id\":\"1\",\"material_id\":\"1\",\"material_name\":\"Stone\",\"quantity\":\"25\",\"unit_price\":\"50\",\"status\":\"pending\"}',1,'2025-12-18 17:03:07'),(33,'delivery',15,'UPDATE','{\"del_id\":15,\"customer_id\":1,\"soa_id\":3,\"delivery_date\":\"2025-12-18\",\"dr_no\":\"156155\",\"truck_id\":1,\"material\":\"Stone\",\"quantity\":\"125.00\",\"unit_price\":\"156.00\",\"status\":\"Pending\",\"is_deleted\":0,\"date_created\":\"2025-12-18 14:55:16\",\"date_edited\":\"2025-12-18 15:02:11\",\"created_by\":1,\"edited_by\":1,\"terms\":null,\"po_number\":\"12566\",\"billing_date\":\"2025-12-20\"}','{\"form_type\":\"delivery\",\"action\":\"update\",\"del_id\":\"15\",\"soa_id\":\"3\",\"insert_mode\":\"0\",\"keep\":\"0\",\"delivery_customer_id\":\"1\",\"delivery_date\":\"2025-12-18\",\"dr_no\":\"156155\",\"po_number\":\"12566\",\"truck_id\":\"\",\"material_id\":\"1\",\"material_name\":\"Stone\",\"quantity\":\"125.00\",\"unit_price\":\"156.00\"}',1,'2025-12-18 17:03:24'),(34,'statement_of_account',3,'FINALIZE','{\"soa_id\":3,\"soa_no\":\"SOA-2025-0003\",\"company_id\":1,\"site_id\":1,\"terms\":\"*\",\"billing_date\":\"2025-12-18\",\"status\":\"draft\",\"is_deleted\":0,\"created_by\":1,\"edited_by\":1,\"date_created\":\"2025-12-18 14:01:16\",\"date_edited\":\"2025-12-18 14:01:16\",\"date_finalized\":null}','{\"status\":\"finalized\"}',1,'2025-12-18 18:25:48'),(35,'statement_of_account',4,'CREATE',NULL,'{\"soa_no\":\"SOA-2025-0004\",\"company_id\":1,\"site_id\":1,\"terms\":\"*\",\"status\":\"draft\"}',1,'2025-12-18 18:52:27'),(36,'statement_of_account',1,'FINALIZE','{\"soa_id\":1,\"soa_no\":\"SOA-2025-0001\",\"company_id\":1,\"site_id\":1,\"terms\":\"*\",\"billing_date\":\"2025-12-18\",\"status\":\"draft\",\"is_deleted\":0,\"created_by\":1,\"edited_by\":1,\"date_created\":\"2025-12-18 13:48:52\",\"date_edited\":\"2025-12-18 13:51:12\",\"date_finalized\":null}','{\"status\":\"finalized\"}',1,'2025-12-18 19:09:02'),(37,'delivery',21,'CREATE',NULL,'{\"form_type\":\"delivery\",\"action\":\"create\",\"del_id\":\"\",\"soa_id\":\"4\",\"insert_mode\":\"1\",\"keep\":\"0\",\"delivery_customer_id\":\"1\",\"delivery_date\":\"2025-12-20\",\"dr_no\":\"12513\",\"po_number\":\"12513\",\"truck_id\":\"1\",\"material_id\":\"1\",\"material_name\":\"Stone\",\"quantity\":\"25\",\"unit_price\":\"51\",\"status\":\"pending\"}',1,'2025-12-18 19:09:32'),(38,'delivery',22,'CREATE',NULL,'{\"form_type\":\"delivery\",\"action\":\"create\",\"del_id\":\"\",\"soa_id\":\"4\",\"insert_mode\":\"1\",\"keep\":\"0\",\"delivery_customer_id\":\"1\",\"delivery_date\":\"2025-12-20\",\"dr_no\":\"12514\",\"po_number\":\"12514\",\"truck_id\":\"1\",\"material_id\":\"1\",\"material_name\":\"Stone\",\"quantity\":\"25\",\"unit_price\":\"51\",\"status\":\"pending\"}',1,'2025-12-18 19:09:40'),(39,'statement_of_account',4,'FINALIZE','{\"soa_id\":4,\"soa_no\":\"SOA-2025-0004\",\"company_id\":1,\"site_id\":1,\"terms\":\"*\",\"billing_date\":null,\"status\":\"draft\",\"is_deleted\":0,\"created_by\":1,\"edited_by\":1,\"date_created\":\"2025-12-18 18:52:27\",\"date_edited\":\"2025-12-18 18:52:27\",\"date_finalized\":null}','{\"status\":\"finalized\"}',1,'2025-12-18 19:09:47'),(40,'statement_of_account',5,'CREATE',NULL,'{\"soa_no\":\"SOA-2025-0005\",\"company_id\":1,\"site_id\":1,\"terms\":\"*\",\"status\":\"draft\"}',1,'2025-12-18 19:12:17'),(41,'delivery',23,'CREATE',NULL,'{\"form_type\":\"delivery\",\"action\":\"create\",\"del_id\":\"\",\"soa_id\":\"5\",\"insert_mode\":\"1\",\"keep\":\"0\",\"delivery_customer_id\":\"1\",\"delivery_date\":\"2025-12-18\",\"dr_no\":\"62351\",\"po_number\":\"62351\",\"truck_id\":\"1\",\"material_id\":\"1\",\"material_name\":\"Stone\",\"quantity\":\"115\",\"unit_price\":\"500\",\"status\":\"pending\"}',1,'2025-12-18 19:12:37'),(42,'delivery',24,'CREATE',NULL,'{\"form_type\":\"delivery\",\"action\":\"create\",\"del_id\":\"\",\"soa_id\":\"5\",\"insert_mode\":\"0\",\"keep\":\"0\",\"delivery_customer_id\":\"1\",\"delivery_date\":\"2025-12-18\",\"dr_no\":\"62352\",\"po_number\":\"62352\",\"truck_id\":\"1\",\"material_id\":\"1\",\"material_name\":\"Stone\",\"quantity\":\"115\",\"unit_price\":\"500\",\"status\":\"pending\"}',1,'2025-12-18 19:12:44'),(43,'delivery',25,'CREATE',NULL,'{\"form_type\":\"delivery\",\"action\":\"create\",\"del_id\":\"\",\"soa_id\":\"5\",\"insert_mode\":\"1\",\"keep\":\"0\",\"delivery_customer_id\":\"1\",\"delivery_date\":\"2025-12-18\",\"dr_no\":\"12467\",\"po_number\":\"12467\",\"truck_id\":\"1\",\"material_id\":\"1\",\"material_name\":\"Stone\",\"quantity\":\"115\",\"unit_price\":\"50\",\"status\":\"pending\"}',1,'2025-12-18 19:51:54'),(44,'delivery',26,'CREATE',NULL,'{\"form_type\":\"delivery\",\"action\":\"create\",\"del_id\":\"\",\"soa_id\":\"5\",\"insert_mode\":\"1\",\"keep\":\"0\",\"delivery_customer_id\":\"1\",\"delivery_date\":\"2025-12-21\",\"dr_no\":\"74567\",\"po_number\":\"74567\",\"truck_id\":\"1\",\"material_id\":\"1\",\"material_name\":\"Stone\",\"quantity\":\"50\",\"unit_price\":\"50\",\"status\":\"pending\"}',1,'2025-12-21 14:51:51'),(45,'delivery',27,'CREATE',NULL,'{\"form_type\":\"delivery\",\"action\":\"create\",\"del_id\":\"\",\"soa_id\":\"5\",\"insert_mode\":\"1\",\"keep\":\"0\",\"delivery_customer_id\":\"1\",\"delivery_date\":\"2025-12-21\",\"dr_no\":\"74568\",\"po_number\":\"74568\",\"truck_id\":\"1\",\"material_id\":\"1\",\"material_name\":\"Stone\",\"quantity\":\"50\",\"unit_price\":\"50\",\"status\":\"pending\"}',1,'2025-12-21 14:52:00'),(46,'delivery',28,'CREATE',NULL,'{\"form_type\":\"delivery\",\"action\":\"create\",\"del_id\":\"\",\"soa_id\":\"5\",\"insert_mode\":\"1\",\"keep\":\"0\",\"delivery_customer_id\":\"1\",\"delivery_date\":\"2025-12-21\",\"dr_no\":\"74569\",\"po_number\":\"74569\",\"truck_id\":\"1\",\"material_id\":\"1\",\"material_name\":\"Stone\",\"quantity\":\"50\",\"unit_price\":\"50\",\"status\":\"pending\"}',1,'2025-12-21 14:52:06'),(47,'delivery',29,'CREATE',NULL,'{\"form_type\":\"delivery\",\"action\":\"create\",\"del_id\":\"\",\"soa_id\":\"5\",\"insert_mode\":\"1\",\"keep\":\"0\",\"delivery_customer_id\":\"1\",\"delivery_date\":\"2025-12-21\",\"dr_no\":\"74570\",\"po_number\":\"74570\",\"truck_id\":\"1\",\"material_id\":\"1\",\"material_name\":\"Stone\",\"quantity\":\"50\",\"unit_price\":\"50\",\"status\":\"pending\"}',1,'2025-12-21 14:52:12'),(48,'delivery',30,'CREATE',NULL,'{\"form_type\":\"delivery\",\"action\":\"create\",\"del_id\":\"\",\"soa_id\":\"5\",\"insert_mode\":\"1\",\"keep\":\"0\",\"delivery_customer_id\":\"1\",\"delivery_date\":\"2025-12-21\",\"dr_no\":\"74571\",\"po_number\":\"74571\",\"truck_id\":\"1\",\"material_id\":\"1\",\"material_name\":\"Stone\",\"quantity\":\"50\",\"unit_price\":\"50\",\"status\":\"pending\"}',1,'2025-12-21 14:52:16'),(49,'delivery',31,'CREATE',NULL,'{\"form_type\":\"delivery\",\"action\":\"create\",\"del_id\":\"\",\"soa_id\":\"5\",\"insert_mode\":\"0\",\"keep\":\"0\",\"delivery_customer_id\":\"1\",\"delivery_date\":\"2025-12-21\",\"dr_no\":\"74572\",\"po_number\":\"74572\",\"truck_id\":\"1\",\"material_id\":\"1\",\"material_name\":\"Stone\",\"quantity\":\"50\",\"unit_price\":\"50\",\"status\":\"pending\"}',1,'2025-12-21 14:52:19'),(50,'delivery',32,'CREATE',NULL,'{\"form_type\":\"delivery\",\"action\":\"create\",\"del_id\":\"\",\"soa_id\":\"5\",\"insert_mode\":\"1\",\"keep\":\"0\",\"delivery_customer_id\":\"1\",\"delivery_date\":\"2025-12-21\",\"dr_no\":\"74573\",\"po_number\":\"74573\",\"truck_id\":\"1\",\"material_id\":\"1\",\"material_name\":\"Stone\",\"quantity\":\"59\",\"unit_price\":\"65\",\"status\":\"pending\"}',1,'2025-12-21 14:52:52'),(51,'delivery',33,'CREATE',NULL,'{\"form_type\":\"delivery\",\"action\":\"create\",\"del_id\":\"\",\"soa_id\":\"5\",\"insert_mode\":\"1\",\"keep\":\"0\",\"delivery_customer_id\":\"1\",\"delivery_date\":\"2025-12-21\",\"dr_no\":\"74574\",\"po_number\":\"74574\",\"truck_id\":\"1\",\"material_id\":\"1\",\"material_name\":\"Stone\",\"quantity\":\"59\",\"unit_price\":\"65\",\"status\":\"pending\"}',1,'2025-12-21 14:52:57'),(52,'delivery',34,'CREATE',NULL,'{\"form_type\":\"delivery\",\"action\":\"create\",\"del_id\":\"\",\"soa_id\":\"5\",\"insert_mode\":\"1\",\"keep\":\"0\",\"delivery_customer_id\":\"1\",\"delivery_date\":\"2025-12-21\",\"dr_no\":\"74575\",\"po_number\":\"74575\",\"truck_id\":\"1\",\"material_id\":\"1\",\"material_name\":\"Stone\",\"quantity\":\"20\",\"unit_price\":\"51\",\"status\":\"pending\"}',1,'2025-12-21 14:54:14'),(53,'delivery',35,'CREATE',NULL,'{\"form_type\":\"delivery\",\"action\":\"create\",\"del_id\":\"\",\"soa_id\":\"5\",\"insert_mode\":\"1\",\"keep\":\"0\",\"delivery_customer_id\":\"1\",\"delivery_date\":\"2025-12-21\",\"dr_no\":\"74576\",\"po_number\":\"74576\",\"truck_id\":\"1\",\"material_id\":\"1\",\"material_name\":\"Stone\",\"quantity\":\"20\",\"unit_price\":\"51\",\"status\":\"pending\"}',1,'2025-12-21 14:54:19'),(54,'delivery',36,'CREATE',NULL,'{\"form_type\":\"delivery\",\"action\":\"create\",\"del_id\":\"\",\"soa_id\":\"5\",\"insert_mode\":\"1\",\"keep\":\"0\",\"delivery_customer_id\":\"1\",\"delivery_date\":\"2025-12-21\",\"dr_no\":\"74577\",\"po_number\":\"74577\",\"truck_id\":\"1\",\"material_id\":\"1\",\"material_name\":\"Stone\",\"quantity\":\"20\",\"unit_price\":\"51\",\"status\":\"pending\"}',1,'2025-12-21 14:54:24'),(55,'delivery',37,'CREATE',NULL,'{\"form_type\":\"delivery\",\"action\":\"create\",\"del_id\":\"\",\"soa_id\":\"5\",\"insert_mode\":\"1\",\"keep\":\"0\",\"delivery_customer_id\":\"1\",\"delivery_date\":\"2025-12-21\",\"dr_no\":\"74578\",\"po_number\":\"74578\",\"truck_id\":\"1\",\"material_id\":\"1\",\"material_name\":\"Stone\",\"quantity\":\"20\",\"unit_price\":\"51\",\"status\":\"pending\"}',1,'2025-12-21 14:54:29'),(56,'delivery',38,'CREATE',NULL,'{\"form_type\":\"delivery\",\"action\":\"create\",\"del_id\":\"\",\"soa_id\":\"5\",\"insert_mode\":\"1\",\"keep\":\"0\",\"delivery_customer_id\":\"1\",\"delivery_date\":\"2025-12-21\",\"dr_no\":\"74579\",\"po_number\":\"74579\",\"truck_id\":\"1\",\"material_id\":\"1\",\"material_name\":\"Stone\",\"quantity\":\"20\",\"unit_price\":\"51\",\"status\":\"pending\"}',1,'2025-12-21 14:54:33'),(57,'delivery',39,'CREATE',NULL,'{\"form_type\":\"delivery\",\"action\":\"create\",\"del_id\":\"\",\"soa_id\":\"5\",\"insert_mode\":\"1\",\"keep\":\"0\",\"delivery_customer_id\":\"1\",\"delivery_date\":\"2025-12-21\",\"dr_no\":\"74580\",\"po_number\":\"74580\",\"truck_id\":\"1\",\"material_id\":\"1\",\"material_name\":\"Stone\",\"quantity\":\"20\",\"unit_price\":\"51\",\"status\":\"pending\"}',1,'2025-12-21 14:54:38'),(58,'delivery',40,'CREATE',NULL,'{\"form_type\":\"delivery\",\"action\":\"create\",\"del_id\":\"\",\"soa_id\":\"5\",\"insert_mode\":\"1\",\"keep\":\"0\",\"delivery_customer_id\":\"1\",\"delivery_date\":\"2025-12-21\",\"dr_no\":\"74581\",\"po_number\":\"74581\",\"truck_id\":\"1\",\"material_id\":\"1\",\"material_name\":\"Stone\",\"quantity\":\"20\",\"unit_price\":\"51\",\"status\":\"pending\"}',1,'2025-12-21 14:54:42'),(59,'delivery',41,'CREATE',NULL,'{\"form_type\":\"delivery\",\"action\":\"create\",\"del_id\":\"\",\"soa_id\":\"5\",\"insert_mode\":\"1\",\"keep\":\"0\",\"delivery_customer_id\":\"1\",\"delivery_date\":\"2025-12-21\",\"dr_no\":\"74582\",\"po_number\":\"74582\",\"truck_id\":\"1\",\"material_id\":\"1\",\"material_name\":\"Stone\",\"quantity\":\"20\",\"unit_price\":\"51\",\"status\":\"pending\"}',1,'2025-12-21 14:54:46'),(60,'delivery',42,'CREATE',NULL,'{\"form_type\":\"delivery\",\"action\":\"create\",\"del_id\":\"\",\"soa_id\":\"5\",\"insert_mode\":\"1\",\"keep\":\"0\",\"delivery_customer_id\":\"1\",\"delivery_date\":\"2025-12-21\",\"dr_no\":\"74583\",\"po_number\":\"74583\",\"truck_id\":\"1\",\"material_id\":\"1\",\"material_name\":\"Stone\",\"quantity\":\"20\",\"unit_price\":\"51\",\"status\":\"pending\"}',1,'2025-12-21 14:54:50'),(61,'delivery',43,'CREATE',NULL,'{\"form_type\":\"delivery\",\"action\":\"create\",\"del_id\":\"\",\"soa_id\":\"5\",\"insert_mode\":\"1\",\"keep\":\"0\",\"delivery_customer_id\":\"1\",\"delivery_date\":\"2025-12-21\",\"dr_no\":\"74584\",\"po_number\":\"74584\",\"truck_id\":\"1\",\"material_id\":\"1\",\"material_name\":\"Stone\",\"quantity\":\"20\",\"unit_price\":\"51\",\"status\":\"pending\"}',1,'2025-12-21 14:54:55'),(62,'delivery',44,'CREATE',NULL,'{\"form_type\":\"delivery\",\"action\":\"create\",\"del_id\":\"\",\"soa_id\":\"5\",\"insert_mode\":\"1\",\"keep\":\"0\",\"delivery_customer_id\":\"1\",\"delivery_date\":\"2025-12-21\",\"dr_no\":\"74585\",\"po_number\":\"74585\",\"truck_id\":\"1\",\"material_id\":\"1\",\"material_name\":\"Stone\",\"quantity\":\"20\",\"unit_price\":\"51\",\"status\":\"pending\"}',1,'2025-12-21 14:54:59'),(63,'delivery',45,'CREATE',NULL,'{\"form_type\":\"delivery\",\"action\":\"create\",\"del_id\":\"\",\"soa_id\":\"5\",\"insert_mode\":\"1\",\"keep\":\"0\",\"delivery_customer_id\":\"1\",\"delivery_date\":\"2025-12-21\",\"dr_no\":\"74586\",\"po_number\":\"74586\",\"truck_id\":\"1\",\"material_id\":\"1\",\"material_name\":\"Stone\",\"quantity\":\"20\",\"unit_price\":\"51\",\"status\":\"pending\"}',1,'2025-12-21 14:55:03'),(64,'delivery',46,'CREATE',NULL,'{\"form_type\":\"delivery\",\"action\":\"create\",\"del_id\":\"\",\"soa_id\":\"5\",\"insert_mode\":\"1\",\"keep\":\"0\",\"delivery_customer_id\":\"1\",\"delivery_date\":\"2025-12-21\",\"dr_no\":\"74587\",\"po_number\":\"74587\",\"truck_id\":\"1\",\"material_id\":\"1\",\"material_name\":\"Stone\",\"quantity\":\"20\",\"unit_price\":\"51\",\"status\":\"pending\"}',1,'2025-12-21 14:55:07'),(65,'delivery',47,'CREATE',NULL,'{\"form_type\":\"delivery\",\"action\":\"create\",\"del_id\":\"\",\"soa_id\":\"5\",\"insert_mode\":\"1\",\"keep\":\"0\",\"delivery_customer_id\":\"1\",\"delivery_date\":\"2025-12-21\",\"dr_no\":\"74588\",\"po_number\":\"74588\",\"truck_id\":\"1\",\"material_id\":\"1\",\"material_name\":\"Stone\",\"quantity\":\"20\",\"unit_price\":\"51\",\"status\":\"pending\"}',1,'2025-12-21 14:55:10'),(66,'delivery',48,'CREATE',NULL,'{\"form_type\":\"delivery\",\"action\":\"create\",\"del_id\":\"\",\"soa_id\":\"5\",\"insert_mode\":\"1\",\"keep\":\"0\",\"delivery_customer_id\":\"1\",\"delivery_date\":\"2025-12-21\",\"dr_no\":\"74589\",\"po_number\":\"74589\",\"truck_id\":\"1\",\"material_id\":\"1\",\"material_name\":\"Stone\",\"quantity\":\"20\",\"unit_price\":\"51\",\"status\":\"pending\"}',1,'2025-12-21 14:55:14'),(67,'delivery',49,'CREATE',NULL,'{\"form_type\":\"delivery\",\"action\":\"create\",\"del_id\":\"\",\"soa_id\":\"5\",\"insert_mode\":\"1\",\"keep\":\"0\",\"delivery_customer_id\":\"1\",\"delivery_date\":\"2025-12-21\",\"dr_no\":\"74590\",\"po_number\":\"74590\",\"truck_id\":\"1\",\"material_id\":\"1\",\"material_name\":\"Stone\",\"quantity\":\"20\",\"unit_price\":\"51\",\"status\":\"pending\"}',1,'2025-12-21 14:55:19'),(68,'delivery',50,'CREATE',NULL,'{\"form_type\":\"delivery\",\"action\":\"create\",\"del_id\":\"\",\"soa_id\":\"5\",\"insert_mode\":\"1\",\"keep\":\"0\",\"delivery_customer_id\":\"1\",\"delivery_date\":\"2025-12-21\",\"dr_no\":\"74591\",\"po_number\":\"74591\",\"truck_id\":\"1\",\"material_id\":\"1\",\"material_name\":\"Stone\",\"quantity\":\"20\",\"unit_price\":\"51\",\"status\":\"pending\"}',1,'2025-12-21 14:55:23'),(69,'statement_of_account',5,'FINALIZE','{\"soa_id\":5,\"soa_no\":\"SOA-2025-0005\",\"company_id\":1,\"site_id\":1,\"terms\":\"*\",\"billing_date\":null,\"status\":\"draft\",\"is_deleted\":0,\"created_by\":1,\"edited_by\":1,\"date_created\":\"2025-12-18 19:12:17\",\"date_edited\":\"2025-12-18 19:12:17\",\"date_finalized\":null}','{\"status\":\"finalized\"}',1,'2025-12-21 14:55:38'),(70,'company',2,'CREATE',NULL,'{\"company_id\":\"\",\"action\":\"create\",\"company_name\":\"Company 2\",\"address\":\"Marikina City\",\"contact_no\":\"09165213635\",\"email\":\"company2@gmail.com\",\"status\":\"active\"}',1,'2025-12-21 17:40:48'),(71,'statement_of_account',6,'CREATE',NULL,'{\"soa_no\":\"SOA-2025-0006\",\"company_id\":2,\"site_id\":1,\"terms\":\"*\",\"status\":\"draft\"}',1,'2025-12-21 17:40:57'),(72,'customer',2,'CREATE',NULL,'{\"form_type\":\"customer\",\"action\":\"create\",\"customer_id\":\"\",\"soa_id\":\"6\",\"company_id\":\"2\",\"site_id\":\"1\",\"contractor_id\":\"1\",\"customer_name\":\"Billy Woke\",\"status\":\"active\"}',1,'2025-12-21 17:44:40'),(73,'admin',2,'UPDATE','{\"admin_id\":2,\"username\":\"Test User\",\"email\":\"testuser@gmail.com\",\"role\":\"Admin\",\"password\":\"$2y$12$E5hw4pxrq6fjRBzhcajCluVOpt6gXs0XffLtcabppfFln\\/yNHvs7G\",\"last_login\":null,\"status\":\"Active\",\"date_created\":\"2025-12-16 12:32:41\",\"date_edited\":null,\"created_by\":1,\"edited_by\":null}','{\"action\":\"update\",\"admin_id\":\"2\",\"username\":\"test\",\"email\":\"testuser@gmail.com\",\"role\":\"Admin\",\"status\":\"Active\",\"password\":\"\"}',1,'2025-12-22 13:48:39'),(74,'admin',1,'UPDATE','{\"admin_id\":1,\"username\":\"Ryan Paul C. Rodanilla\",\"email\":\"admin@gmail.com\",\"role\":\"Admin\",\"password\":\"$2y$12$dfmh98n744XaTucecho\\/7OVIIRUKKunieWJvp\\/2L4QAXZP2m6d8ye\",\"last_login\":\"2025-12-22 13:08:45\",\"status\":\"Active\",\"date_created\":\"2025-11-26 14:04:46\",\"date_edited\":\"2025-12-22 13:08:45\",\"created_by\":1,\"edited_by\":1}','{\"action\":\"update\",\"admin_id\":\"1\",\"username\":\"admin\",\"email\":\"admin@gmail.com\",\"role\":\"Admin\",\"status\":\"Active\",\"password\":\"\"}',1,'2025-12-22 13:48:43'),(75,'admin',2,'UPDATE','{\"admin_id\":2,\"username\":\"test\",\"email\":\"testuser@gmail.com\",\"role\":\"Admin\",\"password\":\"$2y$12$E5hw4pxrq6fjRBzhcajCluVOpt6gXs0XffLtcabppfFln\\/yNHvs7G\",\"last_login\":null,\"status\":\"Active\",\"date_created\":\"2025-12-16 12:32:41\",\"date_edited\":\"2025-12-22 13:48:39\",\"created_by\":1,\"edited_by\":1}','{\"action\":\"update\",\"admin_id\":\"2\",\"username\":\"test\",\"email\":\"testuser@gmail.com\",\"role\":\"Encoder\",\"status\":\"Active\",\"password\":\"\"}',1,'2025-12-22 13:48:54'),(76,'admin',2,'UPDATE','{\"admin_id\":2,\"username\":\"test\",\"email\":\"testuser@gmail.com\",\"role\":\"Encoder\",\"password\":\"$2y$12$E5hw4pxrq6fjRBzhcajCluVOpt6gXs0XffLtcabppfFln\\/yNHvs7G\",\"last_login\":null,\"status\":\"Active\",\"date_created\":\"2025-12-16 12:32:41\",\"date_edited\":\"2025-12-22 13:48:54\",\"created_by\":1,\"edited_by\":1}','{\"action\":\"update\",\"admin_id\":\"2\",\"username\":\"test\",\"email\":\"testuser@gmail.com\",\"role\":\"Admin\",\"status\":\"Active\",\"password\":\"\"}',1,'2025-12-22 13:49:02'),(77,'admin',2,'UPDATE','{\"admin_id\":2,\"username\":\"test\",\"email\":\"testuser@gmail.com\",\"role\":\"Admin\",\"password\":\"$2y$12$E5hw4pxrq6fjRBzhcajCluVOpt6gXs0XffLtcabppfFln\\/yNHvs7G\",\"last_login\":\"2025-12-22 13:49:08\",\"status\":\"Active\",\"date_created\":\"2025-12-16 12:32:41\",\"date_edited\":\"2025-12-22 13:49:08\",\"created_by\":1,\"edited_by\":1}','{\"action\":\"update\",\"admin_id\":\"2\",\"username\":\"test\",\"email\":\"testuser@gmail.com\",\"role\":\"Encoder\",\"status\":\"Active\",\"password\":\"\"}',2,'2025-12-22 13:55:24'),(78,'statement_of_account',7,'CREATE',NULL,'{\"soa_no\":\"SOA-2025-0007\",\"company_id\":2,\"site_id\":1,\"terms\":\"64\",\"status\":\"draft\"}',1,'2025-12-22 16:41:45'),(79,'delivery',51,'CREATE',NULL,'{\"form_type\":\"delivery\",\"action\":\"create\",\"del_id\":\"\",\"soa_id\":\"7\",\"insert_mode\":\"0\",\"keep\":\"0\",\"delivery_customer_id\":\"2\",\"delivery_date\":\"2025-12-23\",\"dr_no\":\"12315\",\"po_number\":\"12315\",\"truck_id\":\"1\",\"material_id\":\"1\",\"material_name\":\"Stone\",\"quantity\":\"115\",\"unit_price\":\"51\",\"status\":\"pending\"}',1,'2025-12-22 16:42:20'),(80,'statement_of_account',7,'FINALIZE','{\"soa_id\":7,\"soa_no\":\"SOA-2025-0007\",\"company_id\":2,\"site_id\":1,\"terms\":\"64\",\"billing_date\":null,\"status\":\"draft\",\"is_deleted\":0,\"created_by\":1,\"edited_by\":1,\"date_created\":\"2025-12-22 16:41:45\",\"date_edited\":\"2025-12-22 16:41:45\",\"date_finalized\":null}','{\"status\":\"finalized\"}',1,'2025-12-22 16:42:30'),(81,'statement_of_account',8,'CREATE',NULL,'{\"soa_no\":\"SOA-2025-0008\",\"company_id\":2,\"site_id\":1,\"terms\":\"50\",\"status\":\"draft\"}',1,'2025-12-22 17:55:30'),(82,'contractor',2,'CREATE',NULL,'{\"contractor_id\":\"\",\"action\":\"create\",\"contractor_name\":\"10K Concrete Mix Specialist Inc.\",\"contact_person\":\"\",\"contact_no\":\"\",\"email\":\"\",\"status\":\"active\"}',1,'2025-12-22 17:56:38'),(83,'company',3,'CREATE',NULL,'{\"company_id\":\"\",\"action\":\"create\",\"company_name\":\"10K Concrete Mix Specialist Inc.\",\"address\":\"\",\"contact_no\":\"\",\"email\":\"\",\"status\":\"active\"}',1,'2025-12-22 17:57:08'),(84,'customer',3,'CREATE',NULL,'{\"form_type\":\"customer\",\"action\":\"create\",\"customer_id\":\"\",\"soa_id\":\"0\",\"company_id\":\"3\",\"contractor_id\":\"\",\"site_id\":\"1\",\"customer_name\":\"N\\/A\",\"status\":\"active\"}',1,'2025-12-22 17:59:51'),(85,'statement_of_account',9,'CREATE',NULL,'{\"soa_no\":\"SOA-2025-0009\",\"company_id\":3,\"site_id\":1,\"terms\":\"60\",\"status\":\"draft\"}',1,'2025-12-22 18:00:09'),(86,'delivery',52,'CREATE',NULL,'{\"form_type\":\"delivery\",\"action\":\"create\",\"del_id\":\"\",\"soa_id\":\"9\",\"insert_mode\":\"0\",\"keep\":\"0\",\"delivery_customer_id\":\"3\",\"delivery_date\":\"2025-12-22\",\"dr_no\":\"56346\",\"po_number\":\"56346\",\"truck_id\":\"1\",\"material_id\":\"1\",\"material_name\":\"Stone\",\"quantity\":\"50\",\"unit_price\":\"500\",\"status\":\"pending\"}',1,'2025-12-22 18:00:51'),(87,'delivery',52,'UPDATE','{\"del_id\":52,\"customer_id\":3,\"soa_id\":9,\"delivery_date\":\"2025-12-22\",\"dr_no\":\"56346\",\"truck_id\":1,\"material\":\"Stone\",\"quantity\":\"50.00\",\"unit_price\":\"500.00\",\"status\":\"Pending\",\"is_deleted\":0,\"date_created\":\"2025-12-22 18:00:51\",\"date_edited\":\"2025-12-22 18:00:51\",\"created_by\":1,\"edited_by\":1,\"terms\":null,\"po_number\":\"56346\",\"billing_date\":null}','{\"form_type\":\"delivery\",\"action\":\"update\",\"del_id\":\"52\",\"soa_id\":\"9\",\"insert_mode\":\"0\",\"keep\":\"0\",\"delivery_customer_id\":\"3\",\"delivery_date\":\"2025-12-22\",\"dr_no\":\"56346\",\"po_number\":\"56346\",\"truck_id\":\"1\",\"material_id\":\"1\",\"material_name\":\"Stone\",\"quantity\":\"60.00\",\"unit_price\":\"500.00\",\"status\":\"pending\"}',1,'2025-12-22 18:07:05'),(88,'statement_of_account',9,'FINALIZE','{\"soa_id\":9,\"soa_no\":\"SOA-2025-0009\",\"company_id\":3,\"site_id\":1,\"terms\":\"60\",\"billing_date\":null,\"status\":\"draft\",\"is_deleted\":0,\"created_by\":1,\"edited_by\":1,\"date_created\":\"2025-12-22 18:00:09\",\"date_edited\":\"2025-12-22 18:00:09\",\"date_finalized\":null}','{\"status\":\"finalized\"}',1,'2025-12-22 18:07:23'),(89,'delivery',53,'CREATE',NULL,'{\"form_type\":\"delivery\",\"action\":\"create\",\"del_id\":\"\",\"soa_id\":\"9\",\"insert_mode\":\"1\",\"keep\":\"0\",\"delivery_date\":\"2025-12-30\",\"dr_no\":\"76445\",\"po_number\":\"76445\",\"truck_id\":\"1\",\"material_id\":\"1\",\"material_name\":\"Stone\",\"quantity\":\"15\",\"unit_price\":\"51\",\"status\":\"pending\"}',1,'2025-12-29 02:01:48'),(90,'delivery',54,'CREATE',NULL,'{\"form_type\":\"delivery\",\"action\":\"create\",\"del_id\":\"\",\"soa_id\":\"9\",\"insert_mode\":\"1\",\"keep\":\"0\",\"delivery_date\":\"2025-12-29\",\"dr_no\":\"13760\",\"po_number\":\"13760\",\"truck_id\":\"1\",\"material_id\":\"1\",\"material_name\":\"Stone\",\"quantity\":\"15\",\"unit_price\":\"51\",\"status\":\"pending\"}',1,'2025-12-29 02:10:34'),(91,'delivery',55,'CREATE',NULL,'{\"form_type\":\"delivery\",\"action\":\"create\",\"del_id\":\"\",\"soa_id\":\"9\",\"insert_mode\":\"1\",\"keep\":\"0\",\"delivery_date\":\"2025-12-30\",\"dr_no\":\"13761\",\"po_number\":\"13761\",\"truck_id\":\"1\",\"material_id\":\"1\",\"material_name\":\"Stone\",\"quantity\":\"15\",\"unit_price\":\"51\",\"status\":\"pending\"}',1,'2025-12-29 02:11:02'),(92,'delivery',56,'CREATE',NULL,'{\"form_type\":\"delivery\",\"action\":\"create\",\"del_id\":\"\",\"soa_id\":\"9\",\"insert_mode\":\"0\",\"keep\":\"0\",\"delivery_date\":\"2025-12-29\",\"dr_no\":\"12361\",\"po_number\":\"12361\",\"truck_id\":\"1\",\"material_id\":\"1\",\"material_name\":\"Stone\",\"quantity\":\"15\",\"unit_price\":\"51\",\"status\":\"pending\"}',1,'2025-12-29 02:12:11'),(93,'delivery',57,'CREATE',NULL,'{\"form_type\":\"delivery\",\"action\":\"create\",\"del_id\":\"\",\"soa_id\":\"9\",\"insert_mode\":\"1\",\"keep\":\"0\",\"delivery_date\":\"2025-12-29\",\"dr_no\":\"12516\",\"po_number\":\"12516\",\"truck_id\":\"1\",\"material_id\":\"1\",\"material_name\":\"Stone\",\"quantity\":\"25\",\"unit_price\":\"50\",\"status\":\"pending\"}',1,'2025-12-29 02:16:15'),(94,'delivery',58,'CREATE',NULL,'{\"form_type\":\"delivery\",\"action\":\"create\",\"del_id\":\"\",\"soa_id\":\"9\",\"insert_mode\":\"1\",\"keep\":\"0\",\"delivery_date\":\"2025-12-29\",\"dr_no\":\"51784\",\"po_number\":\"51784\",\"truck_id\":\"1\",\"material_id\":\"1\",\"material_name\":\"Stone\",\"quantity\":\"25\",\"unit_price\":\"51\",\"status\":\"pending\"}',1,'2025-12-29 02:30:27'),(95,'delivery',59,'CREATE',NULL,'{\"form_type\":\"delivery\",\"action\":\"create\",\"del_id\":\"\",\"soa_id\":\"9\",\"insert_mode\":\"1\",\"keep\":\"0\",\"delivery_date\":\"2025-12-30\",\"dr_no\":\"83465\",\"po_number\":\"83465\",\"truck_id\":\"1\",\"material_id\":\"1\",\"material_name\":\"Stone\",\"quantity\":\"25\",\"unit_price\":\"51\",\"status\":\"pending\"}',1,'2025-12-29 02:33:10'),(96,'delivery',60,'CREATE',NULL,'{\"form_type\":\"delivery\",\"action\":\"create\",\"del_id\":\"\",\"soa_id\":\"9\",\"insert_mode\":\"1\",\"keep\":\"0\",\"delivery_date\":\"2025-12-29\",\"dr_no\":\"74523\",\"po_number\":\"74523\",\"truck_id\":\"1\",\"material_id\":\"1\",\"material_name\":\"Stone\",\"quantity\":\"25\",\"unit_price\":\"51\",\"status\":\"pending\"}',1,'2025-12-29 02:59:33'),(97,'delivery',61,'CREATE',NULL,'{\"form_type\":\"delivery\",\"action\":\"create\",\"del_id\":\"\",\"soa_id\":\"7\",\"insert_mode\":\"1\",\"keep\":\"0\",\"delivery_date\":\"2025-12-29\",\"dr_no\":\"74524\",\"po_number\":\"74524\",\"truck_id\":\"1\",\"material_id\":\"1\",\"material_name\":\"Stone\",\"quantity\":\"25\",\"unit_price\":\"50\",\"status\":\"pending\"}',1,'2025-12-29 03:00:41'),(98,'delivery',62,'CREATE',NULL,'{\"form_type\":\"delivery\",\"action\":\"create\",\"del_id\":\"\",\"soa_id\":\"7\",\"insert_mode\":\"1\",\"keep\":\"0\",\"delivery_date\":\"2025-12-29\",\"dr_no\":\"74525\",\"po_number\":\"74525\",\"truck_id\":\"1\",\"material_id\":\"1\",\"material_name\":\"Stone\",\"quantity\":\"25\",\"unit_price\":\"50\",\"status\":\"pending\"}',1,'2025-12-29 03:00:57'),(99,'delivery',60,'UPDATE','{\"del_id\":60,\"customer_id\":null,\"soa_id\":9,\"company_id\":3,\"delivery_date\":\"2025-12-29\",\"dr_no\":\"74523\",\"truck_id\":1,\"material\":\"Stone\",\"quantity\":\"25.00\",\"unit_price\":\"51.00\",\"status\":\"Pending\",\"is_deleted\":0,\"date_created\":\"2025-12-29 02:59:33\",\"date_edited\":\"2025-12-29 02:59:33\",\"created_by\":1,\"edited_by\":1,\"terms\":null,\"po_number\":\"74523\",\"billing_date\":null}','{\"form_type\":\"delivery\",\"action\":\"update\",\"del_id\":\"60\",\"soa_id\":\"9\",\"insert_mode\":\"0\",\"keep\":\"0\",\"delivery_date\":\"2025-12-29\",\"dr_no\":\"74523\",\"po_number\":\"74523\",\"truck_id\":\"1\",\"material_id\":\"1\",\"material_name\":\"Stone\",\"quantity\":\"25.00\",\"unit_price\":\"55.00\",\"status\":\"pending\"}',1,'2025-12-29 03:01:48'),(100,'delivery',63,'CREATE',NULL,'{\"form_type\":\"delivery\",\"action\":\"create\",\"del_id\":\"\",\"soa_id\":\"8\",\"insert_mode\":\"1\",\"keep\":\"0\",\"delivery_date\":\"2025-12-30\",\"dr_no\":\"74682\",\"po_number\":\"74682\",\"truck_id\":\"1\",\"material_id\":\"1\",\"material_name\":\"Stone\",\"quantity\":\"25\",\"unit_price\":\"51\",\"status\":\"pending\"}',1,'2025-12-29 03:09:14'),(101,'delivery',55,'DELETE','{\"del_id\":55,\"customer_id\":null,\"soa_id\":9,\"company_id\":3,\"delivery_date\":\"2025-12-30\",\"dr_no\":\"13761\",\"truck_id\":1,\"material\":\"Stone\",\"quantity\":\"15.00\",\"unit_price\":\"51.00\",\"status\":\"Pending\",\"is_deleted\":0,\"date_created\":\"2025-12-29 02:11:02\",\"date_edited\":\"2025-12-29 03:05:56\",\"created_by\":1,\"edited_by\":1,\"terms\":null,\"po_number\":\"13761\",\"billing_date\":null}','{\"is_deleted\":1}',1,'2025-12-29 03:31:08'),(102,'delivery',53,'DELETE','{\"del_id\":53,\"customer_id\":null,\"soa_id\":9,\"company_id\":3,\"delivery_date\":\"2025-12-30\",\"dr_no\":\"76445\",\"truck_id\":1,\"material\":\"Stone\",\"quantity\":\"15.00\",\"unit_price\":\"51.00\",\"status\":\"Pending\",\"is_deleted\":0,\"date_created\":\"2025-12-29 02:01:48\",\"date_edited\":\"2025-12-29 03:05:56\",\"created_by\":1,\"edited_by\":1,\"terms\":null,\"po_number\":\"76445\",\"billing_date\":null}','{\"is_deleted\":1}',1,'2025-12-29 03:45:47'),(103,'delivery',52,'DELETE','{\"del_id\":52,\"customer_id\":3,\"soa_id\":9,\"company_id\":3,\"delivery_date\":\"2025-12-22\",\"dr_no\":\"56346\",\"truck_id\":1,\"material\":\"Stone\",\"quantity\":\"60.00\",\"unit_price\":\"500.00\",\"status\":\"Pending\",\"is_deleted\":0,\"date_created\":\"2025-12-22 18:00:51\",\"date_edited\":\"2025-12-29 01:08:33\",\"created_by\":1,\"edited_by\":1,\"terms\":null,\"po_number\":\"56346\",\"billing_date\":null}','{\"is_deleted\":1}',1,'2025-12-29 04:02:36'),(104,'delivery',54,'DELETE','{\"del_id\":54,\"customer_id\":null,\"soa_id\":9,\"company_id\":3,\"delivery_date\":\"2025-12-29\",\"dr_no\":\"13760\",\"truck_id\":1,\"material\":\"Stone\",\"quantity\":\"15.00\",\"unit_price\":\"51.00\",\"status\":\"Pending\",\"is_deleted\":0,\"date_created\":\"2025-12-29 02:10:34\",\"date_edited\":\"2025-12-29 03:05:56\",\"created_by\":1,\"edited_by\":1,\"terms\":null,\"po_number\":\"13760\",\"billing_date\":null}','{\"is_deleted\":1}',1,'2025-12-29 04:20:30'),(105,'delivery',50,'DELETE','{\"del_id\":50,\"customer_id\":1,\"soa_id\":5,\"company_id\":1,\"delivery_date\":\"2025-12-21\",\"dr_no\":\"74591\",\"truck_id\":1,\"material\":\"Stone\",\"quantity\":\"20.00\",\"unit_price\":\"51.00\",\"status\":\"Pending\",\"is_deleted\":0,\"date_created\":\"2025-12-21 14:55:23\",\"date_edited\":\"2025-12-29 01:08:33\",\"created_by\":1,\"edited_by\":1,\"terms\":null,\"po_number\":\"74591\",\"billing_date\":null}','{\"is_deleted\":1}',1,'2025-12-29 13:29:12'),(106,'statement_of_account',10,'CREATE',NULL,'{\"form_type\":\"soa\",\"action\":\"create\",\"company_id\":\"3\",\"site_id\":\"1\",\"terms_select\":\"custom\",\"terms_custom\":\"78\"}',1,'2025-12-29 13:37:51'),(107,'delivery',67,'CREATE',NULL,'{\"form_type\":\"delivery\",\"action\":\"create\",\"del_id\":\"\",\"soa_id\":\"10\",\"insert_mode\":\"1\",\"keep\":\"0\",\"delivery_date\":\"2025-12-29\",\"dr_no\":\"51854\",\"po_number\":\"51854\",\"truck_id\":\"1\",\"material_id\":\"1\",\"material_name\":\"Stone\",\"quantity\":\"25\",\"unit_price\":\"51\",\"status\":\"pending\"}',1,'2025-12-29 13:38:25'),(108,'delivery',68,'CREATE',NULL,'{\"form_type\":\"delivery\",\"action\":\"create\",\"del_id\":\"\",\"soa_id\":\"10\",\"insert_mode\":\"1\",\"keep\":\"0\",\"delivery_date\":\"2025-12-29\",\"dr_no\":\"87123\",\"po_number\":\"87123\",\"truck_id\":\"1\",\"material_id\":\"1\",\"material_name\":\"Stone\",\"quantity\":\"25\",\"unit_price\":\"50\",\"status\":\"pending\"}',1,'2025-12-29 14:02:35'),(109,'delivery',69,'CREATE',NULL,'{\"form_type\":\"delivery\",\"action\":\"create\",\"del_id\":\"\",\"soa_id\":\"10\",\"insert_mode\":\"0\",\"keep\":\"0\",\"delivery_date\":\"2025-12-29\",\"dr_no\":\"51855\",\"po_number\":\"51855\",\"truck_id\":\"1\",\"material_id\":\"1\",\"material_name\":\"Stone\",\"quantity\":\"25\",\"unit_price\":\"\",\"status\":\"pending\"}',1,'2025-12-29 14:08:09'),(110,'delivery',69,'UPDATE','{\"del_id\":69,\"customer_id\":null,\"soa_id\":10,\"company_id\":3,\"delivery_date\":\"2025-12-29\",\"dr_no\":\"51855\",\"truck_id\":1,\"material\":\"Stone\",\"quantity\":\"25.00\",\"unit_price\":\"0.00\",\"status\":\"Pending\",\"is_deleted\":0,\"date_created\":\"2025-12-29 14:08:09\",\"date_edited\":\"2025-12-29 14:08:09\",\"created_by\":1,\"edited_by\":1,\"terms\":null,\"po_number\":\"51855\",\"billing_date\":null}','{\"form_type\":\"delivery\",\"action\":\"update\",\"del_id\":\"69\",\"soa_id\":\"10\",\"insert_mode\":\"0\",\"keep\":\"0\",\"delivery_date\":\"2025-12-29\",\"dr_no\":\"51855\",\"po_number\":\"51855\",\"truck_id\":\"1\",\"material_id\":\"1\",\"material_name\":\"Stone\",\"quantity\":\"25.00\",\"unit_price\":\"500.00\",\"status\":\"pending\"}',1,'2025-12-29 14:14:22'),(111,'delivery',69,'DELETE','{\"del_id\":69,\"customer_id\":null,\"soa_id\":10,\"company_id\":3,\"delivery_date\":\"2025-12-29\",\"dr_no\":\"51855\",\"truck_id\":1,\"material\":\"Stone\",\"quantity\":\"25.00\",\"unit_price\":\"500.00\",\"status\":\"Pending\",\"is_deleted\":0,\"date_created\":\"2025-12-29 14:08:09\",\"date_edited\":\"2025-12-29 14:14:22\",\"created_by\":1,\"edited_by\":1,\"terms\":null,\"po_number\":\"51855\",\"billing_date\":null}','{\"is_deleted\":1}',1,'2025-12-29 14:14:36'),(112,'delivery',68,'UPDATE','{\"del_id\":68,\"customer_id\":null,\"soa_id\":10,\"company_id\":3,\"delivery_date\":\"2025-12-29\",\"dr_no\":\"87123\",\"truck_id\":1,\"material\":\"Stone\",\"quantity\":\"25.00\",\"unit_price\":\"50.00\",\"status\":\"Pending\",\"is_deleted\":0,\"date_created\":\"2025-12-29 14:02:35\",\"date_edited\":\"2025-12-29 14:02:35\",\"created_by\":1,\"edited_by\":1,\"terms\":null,\"po_number\":\"87123\",\"billing_date\":null}','{\"form_type\":\"delivery\",\"action\":\"update\",\"del_id\":\"68\",\"soa_id\":\"10\",\"insert_mode\":\"0\",\"keep\":\"0\",\"delivery_date\":\"2025-12-29\",\"dr_no\":\"87123\",\"po_number\":\"87123\",\"truck_id\":\"1\",\"material_id\":\"1\",\"material_name\":\"Stone\",\"quantity\":\"25.00\",\"unit_price\":\"250.00\",\"status\":\"pending\"}',1,'2025-12-29 14:26:38'),(113,'delivery',59,'UPDATE','{\"del_id\":59,\"customer_id\":null,\"soa_id\":9,\"company_id\":3,\"delivery_date\":\"2025-12-30\",\"dr_no\":\"83465\",\"truck_id\":1,\"material\":\"Stone\",\"quantity\":\"25.00\",\"unit_price\":\"51.00\",\"status\":\"Pending\",\"is_deleted\":0,\"date_created\":\"2025-12-29 02:33:10\",\"date_edited\":\"2025-12-29 03:05:56\",\"created_by\":1,\"edited_by\":1,\"terms\":null,\"po_number\":\"83465\",\"billing_date\":null}','{\"form_type\":\"delivery\",\"action\":\"update\",\"del_id\":\"59\",\"soa_id\":\"9\",\"insert_mode\":\"0\",\"keep\":\"0\",\"delivery_date\":\"2025-12-30\",\"dr_no\":\"83465\",\"po_number\":\"83465\",\"truck_id\":\"1\",\"material_id\":\"1\",\"material_name\":\"Stone\",\"quantity\":\"25.00\",\"unit_price\":\"2650.00\",\"status\":\"pending\"}',1,'2025-12-29 14:31:29'),(114,'delivery',68,'UPDATE','{\"del_id\":68,\"customer_id\":null,\"soa_id\":10,\"company_id\":3,\"delivery_date\":\"2025-12-29\",\"dr_no\":\"87123\",\"truck_id\":1,\"material\":\"Stone\",\"quantity\":\"25.00\",\"unit_price\":\"250.00\",\"status\":\"Pending\",\"is_deleted\":0,\"date_created\":\"2025-12-29 14:02:35\",\"date_edited\":\"2025-12-29 14:26:38\",\"created_by\":1,\"edited_by\":1,\"terms\":null,\"po_number\":\"87123\",\"billing_date\":null}','{\"form_type\":\"delivery\",\"action\":\"update\",\"del_id\":\"68\",\"soa_id\":\"10\",\"insert_mode\":\"0\",\"keep\":\"0\",\"delivery_date\":\"2025-12-29\",\"dr_no\":\"87123\",\"po_number\":\"87123\",\"truck_id\":\"1\",\"material_id\":\"1\",\"material_name\":\"Stone\",\"quantity\":\"25.00\",\"unit_price\":\"388.00\",\"status\":\"pending\"}',1,'2025-12-29 14:45:24'),(115,'delivery',70,'CREATE',NULL,'{\"form_type\":\"delivery\",\"action\":\"create\",\"del_id\":\"\",\"soa_id\":\"10\",\"insert_mode\":\"1\",\"keep\":\"0\",\"delivery_date\":\"2025-12-30\",\"dr_no\":\"34583\",\"po_number\":\"34583\",\"truck_id\":\"1\",\"material_id\":\"1\",\"material_name\":\"Stone\",\"quantity\":\"51\",\"unit_price\":\"578\",\"status\":\"pending\"}',1,'2025-12-29 14:46:54'),(116,'delivery',71,'CREATE',NULL,'{\"form_type\":\"delivery\",\"action\":\"create\",\"del_id\":\"\",\"soa_id\":\"10\",\"insert_mode\":\"1\",\"keep\":\"0\",\"delivery_date\":\"2025-12-30\",\"dr_no\":\"34584\",\"po_number\":\"34584\",\"truck_id\":\"1\",\"material_id\":\"1\",\"material_name\":\"Stone\",\"quantity\":\"51\",\"unit_price\":\"578\",\"status\":\"pending\"}',1,'2025-12-29 14:47:02'),(117,'delivery',71,'UPDATE','{\"del_id\":71,\"customer_id\":null,\"soa_id\":10,\"company_id\":3,\"delivery_date\":\"2025-12-30\",\"dr_no\":\"34584\",\"truck_id\":1,\"material\":\"Stone\",\"quantity\":\"51.00\",\"unit_price\":\"578.00\",\"status\":\"Pending\",\"is_deleted\":0,\"date_created\":\"2025-12-29 14:47:02\",\"date_edited\":\"2025-12-29 14:47:02\",\"created_by\":1,\"edited_by\":1,\"terms\":null,\"po_number\":\"34584\",\"billing_date\":null}','{\"form_type\":\"delivery\",\"action\":\"update\",\"del_id\":\"71\",\"soa_id\":\"10\",\"insert_mode\":\"0\",\"keep\":\"0\",\"delivery_date\":\"2025-12-30\",\"dr_no\":\"34584\",\"po_number\":\"34584\",\"truck_id\":\"1\",\"material_id\":\"1\",\"material_name\":\"Stone\",\"quantity\":\"51.00\",\"unit_price\":\"550.00\",\"status\":\"pending\"}',1,'2025-12-29 14:47:12'),(118,'delivery',71,'UPDATE','{\"del_id\":71,\"customer_id\":null,\"soa_id\":10,\"company_id\":3,\"delivery_date\":\"2025-12-30\",\"dr_no\":\"34584\",\"truck_id\":1,\"material\":\"Stone\",\"quantity\":\"51.00\",\"unit_price\":\"550.00\",\"status\":\"Pending\",\"is_deleted\":0,\"date_created\":\"2025-12-29 14:47:02\",\"date_edited\":\"2025-12-29 14:47:12\",\"created_by\":1,\"edited_by\":1,\"terms\":null,\"po_number\":\"34584\",\"billing_date\":null}','{\"form_type\":\"delivery\",\"action\":\"update\",\"del_id\":\"71\",\"soa_id\":\"10\",\"insert_mode\":\"0\",\"keep\":\"0\",\"delivery_date\":\"2025-12-30\",\"dr_no\":\"34584\",\"po_number\":\"34584\",\"truck_id\":\"1\",\"material_id\":\"1\",\"material_name\":\"Stone\",\"quantity\":\"51.00\",\"unit_price\":\"450.00\",\"status\":\"pending\"}',1,'2025-12-29 15:09:17'),(119,'delivery',72,'CREATE',NULL,'{\"form_type\":\"delivery\",\"action\":\"create\",\"del_id\":\"\",\"soa_id\":\"10\",\"insert_mode\":\"1\",\"keep\":\"0\",\"delivery_date\":\"2025-12-29\",\"dr_no\":\"34585\",\"po_number\":\"34585\",\"truck_id\":\"1\",\"material_id\":\"1\",\"material_name\":\"Stone\",\"quantity\":\"25\",\"unit_price\":\"155\",\"status\":\"pending\"}',1,'2025-12-29 15:09:42'),(120,'delivery',71,'UPDATE','{\"del_id\":71,\"customer_id\":null,\"soa_id\":10,\"company_id\":3,\"delivery_date\":\"2025-12-30\",\"dr_no\":\"34584\",\"truck_id\":1,\"material\":\"Stone\",\"quantity\":\"51.00\",\"unit_price\":\"450.00\",\"status\":\"Pending\",\"is_deleted\":0,\"date_created\":\"2025-12-29 14:47:02\",\"date_edited\":\"2025-12-29 15:09:17\",\"created_by\":1,\"edited_by\":1,\"terms\":null,\"po_number\":\"34584\",\"billing_date\":null}','{\"form_type\":\"delivery\",\"action\":\"update\",\"del_id\":\"71\",\"soa_id\":\"10\",\"insert_mode\":\"0\",\"keep\":\"0\",\"delivery_date\":\"2025-12-30\",\"dr_no\":\"34584\",\"po_number\":\"34584\",\"truck_id\":\"1\",\"material_id\":\"1\",\"material_name\":\"Stone\",\"quantity\":\"51.00\",\"unit_price\":\"450.00\",\"status\":\"delivered\"}',1,'2025-12-29 15:10:29'),(121,'delivery',70,'UPDATE','{\"del_id\":70,\"customer_id\":null,\"soa_id\":10,\"company_id\":3,\"delivery_date\":\"2025-12-30\",\"dr_no\":\"34583\",\"truck_id\":1,\"material\":\"Stone\",\"quantity\":\"51.00\",\"unit_price\":\"578.00\",\"status\":\"Pending\",\"is_deleted\":0,\"date_created\":\"2025-12-29 14:46:54\",\"date_edited\":\"2025-12-29 14:46:54\",\"created_by\":1,\"edited_by\":1,\"terms\":null,\"po_number\":\"34583\",\"billing_date\":null}','{\"form_type\":\"delivery\",\"action\":\"update\",\"del_id\":\"70\",\"soa_id\":\"10\",\"insert_mode\":\"0\",\"keep\":\"0\",\"delivery_date\":\"2025-12-30\",\"dr_no\":\"34583\",\"po_number\":\"34583\",\"truck_id\":\"1\",\"material_id\":\"1\",\"material_name\":\"Stone\",\"quantity\":\"51.00\",\"unit_price\":\"578.00\",\"status\":\"delivered\"}',1,'2025-12-29 15:10:34'),(122,'delivery',56,'DELETE','{\"del_id\":56,\"customer_id\":null,\"soa_id\":9,\"company_id\":3,\"delivery_date\":\"2025-12-29\",\"dr_no\":\"12361\",\"truck_id\":1,\"material\":\"Stone\",\"quantity\":\"15.00\",\"unit_price\":\"51.00\",\"status\":\"Pending\",\"is_deleted\":0,\"date_created\":\"2025-12-29 02:12:11\",\"date_edited\":\"2025-12-29 03:05:56\",\"created_by\":1,\"edited_by\":1,\"terms\":null,\"po_number\":\"12361\",\"billing_date\":null}','{\"is_deleted\":1}',1,'2025-12-29 15:11:40'),(123,'delivery',59,'UPDATE','{\"del_id\":59,\"customer_id\":null,\"soa_id\":9,\"company_id\":3,\"delivery_date\":\"2025-12-30\",\"dr_no\":\"83465\",\"truck_id\":1,\"material\":\"Stone\",\"quantity\":\"25.00\",\"unit_price\":\"2650.00\",\"status\":\"Pending\",\"is_deleted\":0,\"date_created\":\"2025-12-29 02:33:10\",\"date_edited\":\"2025-12-29 14:31:29\",\"created_by\":1,\"edited_by\":1,\"terms\":null,\"po_number\":\"83465\",\"billing_date\":null}','{\"form_type\":\"delivery\",\"action\":\"update\",\"del_id\":\"59\",\"soa_id\":\"9\",\"insert_mode\":\"0\",\"keep\":\"0\",\"delivery_date\":\"2025-12-30\",\"dr_no\":\"83465\",\"po_number\":\"83465\",\"truck_id\":\"1\",\"material_id\":\"1\",\"material_name\":\"Stone\",\"quantity\":\"25.00\",\"unit_price\":\"2650.00\",\"status\":\"delivered\"}',1,'2025-12-29 15:15:00'),(124,'materials',2,'CREATE',NULL,'{\"material_id\":\"\",\"action\":\"create\",\"material_name\":\"Sand\",\"status\":\"inactive\"}',1,'2025-12-29 15:16:57'),(125,'materials',2,'UPDATE','{\"material_id\":2,\"material_name\":\"Sand\",\"unit_price\":\"0.00\",\"status\":\"inactive\",\"is_deleted\":0,\"date_created\":\"2025-12-29 15:16:57\",\"date_edited\":\"2025-12-29 15:16:57\",\"created_by\":1,\"edited_by\":1}','{\"material_id\":\"2\",\"action\":\"update\",\"material_name\":\"Sand\",\"status\":\"active\"}',1,'2025-12-29 15:17:11'),(126,'truck',2,'CREATE',NULL,'{\"truck_id\":\"\",\"action\":\"create\",\"plate_no\":\"HGD 1636\",\"capacity\":\"45\",\"truck_model\":\"L300\",\"status\":\"inactive\"}',1,'2025-12-29 15:17:28'),(127,'company',4,'CREATE',NULL,'{\"company_id\":\"\",\"action\":\"create\",\"company_name\":\"10K Concrete Mix \",\"address\":\"\",\"contact_no\":\"\",\"email\":\"\",\"status\":\"active\"}',1,'2025-12-29 15:23:41'),(128,'statement_of_account',11,'CREATE',NULL,'{\"form_type\":\"soa\",\"action\":\"create\",\"company_id\":\"4\",\"site_id\":\"1\",\"terms_select\":\"30\",\"terms_custom\":\"\"}',1,'2025-12-29 15:25:16'),(129,'delivery',73,'CREATE',NULL,'{\"form_type\":\"delivery\",\"action\":\"create\",\"del_id\":\"\",\"soa_id\":\"11\",\"insert_mode\":\"1\",\"keep\":\"0\",\"delivery_date\":\"2025-12-30\",\"dr_no\":\"76345\",\"po_number\":\"76345\",\"truck_id\":\"1\",\"material_id\":\"2\",\"material_name\":\"Sand\",\"quantity\":\"25\",\"unit_price\":\"500\",\"status\":\"pending\"}',1,'2025-12-29 15:25:32'),(130,'delivery',74,'CREATE',NULL,'{\"form_type\":\"delivery\",\"action\":\"create\",\"del_id\":\"\",\"soa_id\":\"11\",\"insert_mode\":\"1\",\"keep\":\"0\",\"delivery_date\":\"2025-12-29\",\"dr_no\":\"76346\",\"po_number\":\"76346\",\"truck_id\":\"1\",\"material_id\":\"2\",\"material_name\":\"Sand\",\"quantity\":\"25\",\"unit_price\":\"500\",\"status\":\"pending\"}',1,'2025-12-29 15:33:13'),(131,'delivery',75,'CREATE',NULL,'{\"form_type\":\"delivery\",\"action\":\"create\",\"del_id\":\"\",\"soa_id\":\"11\",\"insert_mode\":\"1\",\"keep\":\"0\",\"delivery_date\":\"2025-12-29\",\"dr_no\":\"76347\",\"po_number\":\"76347\",\"truck_id\":\"1\",\"material_id\":\"2\",\"material_name\":\"Sand\",\"quantity\":\"25\",\"unit_price\":\"500\",\"status\":\"pending\"}',1,'2025-12-29 15:35:39'),(132,'delivery',76,'CREATE',NULL,'{\"form_type\":\"delivery\",\"action\":\"create\",\"del_id\":\"\",\"soa_id\":\"11\",\"insert_mode\":\"0\",\"keep\":\"0\",\"delivery_date\":\"2025-12-29\",\"dr_no\":\"76348\",\"po_number\":\"76348\",\"truck_id\":\"1\",\"material_id\":\"2\",\"material_name\":\"Sand\",\"quantity\":\"25\",\"unit_price\":\"500\",\"status\":\"pending\"}',1,'2025-12-29 15:36:25'),(133,'delivery',77,'CREATE',NULL,'{\"form_type\":\"delivery\",\"action\":\"create\",\"del_id\":\"\",\"soa_id\":\"11\",\"insert_mode\":\"1\",\"keep\":\"0\",\"delivery_date\":\"2025-12-30\",\"dr_no\":\"76349\",\"po_number\":\"76349\",\"truck_id\":\"1\",\"material_id\":\"1\",\"material_name\":\"Stone\",\"quantity\":\"15\",\"unit_price\":\"511\",\"status\":\"pending\"}',1,'2025-12-29 15:40:06'),(134,'delivery',78,'CREATE',NULL,'{\"form_type\":\"delivery\",\"action\":\"create\",\"del_id\":\"\",\"soa_id\":\"11\",\"insert_mode\":\"1\",\"keep\":\"0\",\"delivery_date\":\"2025-12-30\",\"dr_no\":\"76350\",\"po_number\":\"76350\",\"truck_id\":\"1\",\"material_id\":\"1\",\"material_name\":\"Stone\",\"quantity\":\"25\",\"unit_price\":\"51\",\"status\":\"pending\"}',1,'2025-12-29 15:41:54'),(135,'delivery',79,'CREATE',NULL,'{\"form_type\":\"delivery\",\"action\":\"create\",\"del_id\":\"\",\"soa_id\":\"11\",\"insert_mode\":\"1\",\"keep\":\"0\",\"delivery_date\":\"2025-12-30\",\"dr_no\":\"76351\",\"po_number\":\"76351\",\"truck_id\":\"1\",\"material_id\":\"1\",\"material_name\":\"Stone\",\"quantity\":\"25\",\"unit_price\":\"500\",\"status\":\"pending\"}',1,'2025-12-29 15:45:09'),(136,'delivery',80,'CREATE',NULL,'{\"form_type\":\"delivery\",\"action\":\"create\",\"del_id\":\"\",\"soa_id\":\"11\",\"insert_mode\":\"1\",\"keep\":\"0\",\"delivery_date\":\"2025-12-30\",\"dr_no\":\"76352\",\"po_number\":\"76352\",\"truck_id\":\"1\",\"material_id\":\"2\",\"material_name\":\"Sand\",\"quantity\":\"25\",\"unit_price\":\"500\",\"status\":\"pending\"}',1,'2025-12-29 15:47:09'),(137,'delivery',80,'UPDATE','{\"del_id\":80,\"customer_id\":null,\"soa_id\":11,\"company_id\":4,\"delivery_date\":\"2025-12-30\",\"dr_no\":\"76352\",\"truck_id\":1,\"material\":\"Sand\",\"quantity\":\"25.00\",\"unit_price\":\"500.00\",\"status\":\"Pending\",\"is_deleted\":0,\"date_created\":\"2025-12-29 15:47:09\",\"date_edited\":\"2025-12-29 15:47:09\",\"created_by\":1,\"edited_by\":1,\"terms\":null,\"po_number\":\"76352\",\"billing_date\":null}','{\"form_type\":\"delivery\",\"action\":\"update\",\"del_id\":\"80\",\"soa_id\":\"11\",\"insert_mode\":\"0\",\"keep\":\"0\",\"delivery_date\":\"2025-12-30\",\"dr_no\":\"76352\",\"po_number\":\"76352\",\"truck_id\":\"1\",\"material_id\":\"2\",\"material_name\":\"Sand\",\"quantity\":\"25.00\",\"unit_price\":\"200.00\",\"status\":\"pending\"}',1,'2025-12-29 15:47:36'),(138,'delivery',81,'CREATE',NULL,'{\"form_type\":\"delivery\",\"action\":\"create\",\"del_id\":\"\",\"soa_id\":\"11\",\"insert_mode\":\"1\",\"keep\":\"0\",\"delivery_date\":\"2025-12-30\",\"dr_no\":\"76353\",\"po_number\":\"76353\",\"truck_id\":\"1\",\"material_id\":\"1\",\"material_name\":\"Stone\",\"quantity\":\"115\",\"unit_price\":\"155\",\"status\":\"pending\"}',1,'2025-12-29 15:47:57'),(139,'delivery',82,'CREATE',NULL,'{\"form_type\":\"delivery\",\"action\":\"create\",\"del_id\":\"\",\"soa_id\":\"11\",\"insert_mode\":\"1\",\"keep\":\"0\",\"delivery_date\":\"2025-12-30\",\"dr_no\":\"76354\",\"po_number\":\"76354\",\"truck_id\":\"1\",\"material_id\":\"1\",\"material_name\":\"Stone\",\"quantity\":\"15\",\"unit_price\":\"155\",\"status\":\"pending\"}',1,'2025-12-29 15:49:47'),(140,'delivery',83,'CREATE',NULL,'{\"form_type\":\"delivery\",\"action\":\"create\",\"del_id\":\"\",\"soa_id\":\"11\",\"insert_mode\":\"1\",\"keep\":\"0\",\"delivery_date\":\"2025-12-30\",\"dr_no\":\"76355\",\"po_number\":\"76355\",\"truck_id\":\"1\",\"material_id\":\"1\",\"material_name\":\"Stone\",\"quantity\":\"15\",\"unit_price\":\"200\",\"status\":\"pending\"}',1,'2025-12-29 15:51:11'),(141,'delivery',84,'CREATE',NULL,'{\"form_type\":\"delivery\",\"action\":\"create\",\"del_id\":\"\",\"soa_id\":\"11\",\"insert_mode\":\"1\",\"keep\":\"0\",\"delivery_date\":\"2025-12-30\",\"dr_no\":\"76356\",\"po_number\":\"76356\",\"truck_id\":\"1\",\"material_id\":\"2\",\"material_name\":\"Sand\",\"quantity\":\"115\",\"unit_price\":\"11\",\"status\":\"pending\"}',1,'2025-12-29 15:51:38'),(142,'delivery',84,'UPDATE','{\"del_id\":84,\"customer_id\":null,\"soa_id\":11,\"company_id\":4,\"delivery_date\":\"2025-12-30\",\"dr_no\":\"76356\",\"truck_id\":1,\"material\":\"Sand\",\"quantity\":\"115.00\",\"unit_price\":\"11.00\",\"status\":\"Pending\",\"is_deleted\":0,\"date_created\":\"2025-12-29 15:51:38\",\"date_edited\":\"2025-12-29 15:51:38\",\"created_by\":1,\"edited_by\":1,\"terms\":null,\"po_number\":\"76356\",\"billing_date\":null}','{\"form_type\":\"delivery\",\"action\":\"update\",\"del_id\":\"84\",\"soa_id\":\"11\",\"insert_mode\":\"0\",\"keep\":\"0\",\"delivery_date\":\"2025-12-30\",\"dr_no\":\"76356\",\"po_number\":\"76356\",\"truck_id\":\"1\",\"material_id\":\"2\",\"material_name\":\"Sand\",\"quantity\":\"115.00\",\"unit_price\":\"11.00\",\"status\":\"pending\"}',1,'2025-12-29 16:01:14'),(143,'delivery',84,'UPDATE','{\"del_id\":84,\"customer_id\":null,\"soa_id\":11,\"company_id\":4,\"delivery_date\":\"2025-12-30\",\"dr_no\":\"76356\",\"truck_id\":1,\"material\":\"Sand\",\"quantity\":\"115.00\",\"unit_price\":\"11.00\",\"status\":\"Pending\",\"is_deleted\":0,\"date_created\":\"2025-12-29 15:51:38\",\"date_edited\":\"2025-12-29 16:01:14\",\"created_by\":1,\"edited_by\":1,\"terms\":null,\"po_number\":\"76356\",\"billing_date\":null}','{\"form_type\":\"delivery\",\"action\":\"update\",\"del_id\":\"84\",\"soa_id\":\"11\",\"insert_mode\":\"0\",\"keep\":\"0\",\"delivery_date\":\"2025-12-30\",\"dr_no\":\"76356\",\"po_number\":\"76356\",\"truck_id\":\"1\",\"material_id\":\"2\",\"material_name\":\"Sand\",\"quantity\":\"115.00\",\"unit_price\":\"200.00\",\"status\":\"pending\"}',1,'2025-12-29 16:01:21'),(144,'delivery',79,'UPDATE','{\"del_id\":79,\"customer_id\":null,\"soa_id\":11,\"company_id\":4,\"delivery_date\":\"2025-12-30\",\"dr_no\":\"76351\",\"truck_id\":1,\"material\":\"Stone\",\"quantity\":\"25.00\",\"unit_price\":\"500.00\",\"status\":\"Pending\",\"is_deleted\":0,\"date_created\":\"2025-12-29 15:45:09\",\"date_edited\":\"2025-12-29 15:45:09\",\"created_by\":1,\"edited_by\":1,\"terms\":null,\"po_number\":\"76351\",\"billing_date\":null}','{\"form_type\":\"delivery\",\"action\":\"update\",\"del_id\":\"79\",\"soa_id\":\"11\",\"insert_mode\":\"0\",\"keep\":\"0\",\"delivery_date\":\"2025-12-30\",\"dr_no\":\"76351\",\"po_number\":\"76351\",\"truck_id\":\"1\",\"material_id\":\"1\",\"material_name\":\"Stone\",\"quantity\":\"25.00\",\"unit_price\":\"200.00\",\"status\":\"pending\"}',1,'2025-12-29 16:01:38'),(145,'delivery',85,'CREATE',NULL,'{\"form_type\":\"delivery\",\"action\":\"create\",\"del_id\":\"\",\"soa_id\":\"11\",\"insert_mode\":\"1\",\"keep\":\"0\",\"delivery_date\":\"2025-12-30\",\"dr_no\":\"76357\",\"po_number\":\"76357\",\"truck_id\":\"1\",\"material_id\":\"1\",\"material_name\":\"Stone\",\"quantity\":\"15\",\"unit_price\":\"190\",\"status\":\"pending\"}',1,'2025-12-29 16:02:11'),(146,'delivery',86,'CREATE',NULL,'{\"form_type\":\"delivery\",\"action\":\"create\",\"del_id\":\"\",\"soa_id\":\"11\",\"insert_mode\":\"0\",\"keep\":\"0\",\"delivery_date\":\"2025-12-30\",\"dr_no\":\"76358\",\"po_number\":\"76358\",\"truck_id\":\"1\",\"material_id\":\"1\",\"material_name\":\"Stone\",\"quantity\":\"15\",\"unit_price\":\"190\",\"status\":\"pending\"}',1,'2025-12-29 16:02:27'),(147,'delivery',87,'CREATE',NULL,'{\"form_type\":\"delivery\",\"action\":\"create\",\"del_id\":\"\",\"soa_id\":\"11\",\"insert_mode\":\"1\",\"keep\":\"0\",\"delivery_date\":\"2025-12-30\",\"dr_no\":\"76359\",\"po_number\":\"76359\",\"truck_id\":\"1\",\"material_id\":\"2\",\"material_name\":\"Sand\",\"quantity\":\"190\",\"unit_price\":\"50\",\"status\":\"pending\"}',1,'2025-12-29 16:06:39'),(148,'delivery',88,'CREATE',NULL,'{\"form_type\":\"delivery\",\"action\":\"create\",\"del_id\":\"\",\"soa_id\":\"11\",\"insert_mode\":\"1\",\"keep\":\"0\",\"delivery_date\":\"2025-12-30\",\"dr_no\":\"76360\",\"po_number\":\"76360\",\"truck_id\":\"1\",\"material_id\":\"1\",\"material_name\":\"Stone\",\"quantity\":\"25\",\"unit_price\":\"50\",\"status\":\"pending\"}',1,'2025-12-29 16:09:14'),(149,'delivery',89,'CREATE',NULL,'{\"form_type\":\"delivery\",\"action\":\"create\",\"del_id\":\"\",\"soa_id\":\"11\",\"insert_mode\":\"1\",\"keep\":\"0\",\"delivery_date\":\"2025-12-30\",\"dr_no\":\"76361\",\"po_number\":\"76361\",\"truck_id\":\"1\",\"material_id\":\"1\",\"material_name\":\"Stone\",\"quantity\":\"15\",\"unit_price\":\"100\",\"status\":\"pending\"}',1,'2025-12-29 16:15:56'),(150,'delivery',90,'CREATE',NULL,'{\"form_type\":\"delivery\",\"action\":\"create\",\"del_id\":\"\",\"soa_id\":\"11\",\"insert_mode\":\"0\",\"keep\":\"0\",\"delivery_date\":\"2025-12-30\",\"dr_no\":\"76362\",\"po_number\":\"76362\",\"truck_id\":\"1\",\"material_id\":\"1\",\"material_name\":\"Stone\",\"quantity\":\"15\",\"unit_price\":\"100\",\"status\":\"pending\"}',1,'2025-12-29 16:16:05'),(151,'delivery',91,'CREATE',NULL,'{\"form_type\":\"delivery\",\"action\":\"create\",\"del_id\":\"\",\"soa_id\":\"11\",\"insert_mode\":\"1\",\"keep\":\"0\",\"delivery_date\":\"2025-12-30\",\"dr_no\":\"76363\",\"po_number\":\"76363\",\"truck_id\":\"1\",\"material_id\":\"1\",\"material_name\":\"Stone\",\"quantity\":\"115\",\"unit_price\":\"100\",\"status\":\"pending\"}',1,'2025-12-29 16:18:49'),(152,'delivery',92,'CREATE',NULL,'{\"form_type\":\"delivery\",\"action\":\"create\",\"del_id\":\"\",\"soa_id\":\"11\",\"keep\":\"0\",\"delivery_date\":\"2025-12-30\",\"dr_no\":\"76364\",\"po_number\":\"76364\",\"truck_id\":\"1\",\"material_id\":\"2\",\"material_name\":\"Sand\",\"quantity\":\"115\",\"unit_price\":\"522\",\"status\":\"pending\"}',1,'2025-12-29 16:21:59'),(153,'delivery',93,'CREATE',NULL,'{\"form_type\":\"delivery\",\"action\":\"create\",\"del_id\":\"\",\"soa_id\":\"11\",\"keep\":\"0\",\"delivery_date\":\"2025-12-30\",\"dr_no\":\"76365\",\"po_number\":\"76365\",\"truck_id\":\"1\",\"material_id\":\"2\",\"material_name\":\"Sand\",\"quantity\":\"25\",\"unit_price\":\"500\",\"status\":\"pending\"}',1,'2025-12-29 16:25:26'),(154,'delivery',94,'CREATE',NULL,'{\"form_type\":\"delivery\",\"action\":\"create\",\"del_id\":\"\",\"soa_id\":\"11\",\"keep\":\"0\",\"delivery_date\":\"2025-12-30\",\"dr_no\":\"76366\",\"po_number\":\"76366\",\"truck_id\":\"1\",\"material_id\":\"1\",\"material_name\":\"Stone\",\"quantity\":\"115\",\"unit_price\":\"100\",\"status\":\"pending\"}',1,'2025-12-29 16:27:30'),(155,'delivery',95,'CREATE',NULL,'{\"form_type\":\"delivery\",\"action\":\"create\",\"del_id\":\"\",\"soa_id\":\"11\",\"keep\":\"0\",\"delivery_date\":\"2025-12-30\",\"dr_no\":\"76367\",\"po_number\":\"76367\",\"truck_id\":\"1\",\"material_id\":\"2\",\"material_name\":\"Sand\",\"quantity\":\"25\",\"unit_price\":\"55\",\"status\":\"pending\"}',1,'2025-12-29 16:32:15'),(156,'delivery',96,'CREATE',NULL,'{\"form_type\":\"delivery\",\"action\":\"create\",\"del_id\":\"\",\"soa_id\":\"11\",\"keep\":\"0\",\"delivery_date\":\"2025-12-30\",\"dr_no\":\"76368\",\"po_number\":\"76368\",\"truck_id\":\"1\",\"material_id\":\"2\",\"material_name\":\"Sand\",\"quantity\":\"15\",\"unit_price\":\"50\",\"status\":\"pending\"}',1,'2025-12-29 16:33:55'),(157,'delivery',97,'CREATE',NULL,'{\"form_type\":\"delivery\",\"action\":\"create\",\"del_id\":\"\",\"soa_id\":\"11\",\"keep\":\"0\",\"delivery_date\":\"2025-12-29\",\"dr_no\":\"76369\",\"po_number\":\"76369\",\"truck_id\":\"1\",\"material_id\":\"2\",\"material_name\":\"Sand\",\"quantity\":\"25\",\"unit_price\":\"100\",\"status\":\"pending\"}',1,'2025-12-29 16:36:16'),(158,'delivery',98,'CREATE',NULL,'{\"form_type\":\"delivery\",\"action\":\"create\",\"del_id\":\"\",\"soa_id\":\"11\",\"keep\":\"0\",\"delivery_date\":\"2025-12-30\",\"dr_no\":\"76370\",\"po_number\":\"76370\",\"truck_id\":\"1\",\"material_id\":\"2\",\"material_name\":\"Sand\",\"quantity\":\"115\",\"unit_price\":\"50\",\"status\":\"pending\"}',1,'2025-12-29 16:40:52'),(159,'delivery',98,'UPDATE','{\"del_id\":98,\"customer_id\":null,\"soa_id\":11,\"company_id\":4,\"delivery_date\":\"2025-12-30\",\"dr_no\":\"76370\",\"truck_id\":1,\"material\":\"Sand\",\"quantity\":\"115.00\",\"unit_price\":\"50.00\",\"status\":\"Pending\",\"is_deleted\":0,\"date_created\":\"2025-12-29 16:40:52\",\"date_edited\":\"2025-12-29 16:40:52\",\"created_by\":1,\"edited_by\":1,\"terms\":null,\"po_number\":\"76370\",\"billing_date\":null}','{\"form_type\":\"delivery\",\"action\":\"update\",\"del_id\":\"98\",\"soa_id\":\"11\",\"keep\":\"0\",\"delivery_date\":\"2025-12-30\",\"dr_no\":\"76370\",\"po_number\":\"76370\",\"truck_id\":\"1\",\"material_id\":\"2\",\"material_name\":\"Sand\",\"quantity\":\"115.00\",\"unit_price\":\"50.00\",\"status\":\"pending\"}',1,'2025-12-29 16:42:13'),(160,'delivery',99,'CREATE',NULL,'{\"form_type\":\"delivery\",\"action\":\"create\",\"del_id\":\"\",\"soa_id\":\"11\",\"keep\":\"0\",\"delivery_date\":\"2025-12-30\",\"dr_no\":\"76371\",\"po_number\":\"76371\",\"truck_id\":\"1\",\"material_id\":\"1\",\"material_name\":\"Stone\",\"quantity\":\"1\",\"unit_price\":\"500\",\"status\":\"pending\"}',1,'2025-12-29 16:42:29'),(161,'delivery',100,'CREATE',NULL,'{\"form_type\":\"delivery\",\"action\":\"create\",\"del_id\":\"\",\"soa_id\":\"11\",\"insert_mode\":\"0\",\"keep\":\"0\",\"delivery_date\":\"2025-12-30\",\"dr_no\":\"76372\",\"po_number\":\"76372\",\"truck_id\":\"1\",\"material_id\":\"1\",\"material_name\":\"Stone\",\"quantity\":\"15\",\"unit_price\":\"16\",\"status\":\"pending\"}',1,'2025-12-29 16:43:32'),(162,'delivery',101,'CREATE',NULL,'{\"form_type\":\"delivery\",\"action\":\"create\",\"del_id\":\"\",\"soa_id\":\"11\",\"insert_mode\":\"0\",\"keep\":\"0\",\"delivery_date\":\"2025-12-30\",\"dr_no\":\"76373\",\"po_number\":\"76373\",\"truck_id\":\"1\",\"material_id\":\"2\",\"material_name\":\"Sand\",\"quantity\":\"115\",\"unit_price\":\"166\",\"status\":\"pending\"}',1,'2025-12-29 16:45:44'),(163,'delivery',102,'CREATE',NULL,'{\"form_type\":\"delivery\",\"action\":\"create\",\"del_id\":\"\",\"soa_id\":\"11\",\"insert_mode\":\"0\",\"keep\":\"0\",\"delivery_date\":\"2025-12-30\",\"dr_no\":\"76374\",\"po_number\":\"76374\",\"truck_id\":\"1\",\"material_id\":\"2\",\"material_name\":\"Sand\",\"quantity\":\"115\",\"unit_price\":\"100\",\"status\":\"pending\"}',1,'2025-12-29 16:45:58'),(164,'delivery',103,'CREATE',NULL,'{\"form_type\":\"delivery\",\"action\":\"create\",\"del_id\":\"\",\"soa_id\":\"11\",\"insert_mode\":\"1\",\"keep\":\"0\",\"delivery_date\":\"2025-12-30\",\"dr_no\":\"76375\",\"po_number\":\"76375\",\"truck_id\":\"1\",\"material_id\":\"2\",\"material_name\":\"Sand\",\"quantity\":\"115\",\"unit_price\":\"200\",\"status\":\"pending\"}',1,'2025-12-29 16:50:16'),(165,'delivery',104,'CREATE',NULL,'{\"form_type\":\"delivery\",\"action\":\"create\",\"del_id\":\"\",\"soa_id\":\"11\",\"insert_mode\":\"1\",\"keep\":\"0\",\"delivery_date\":\"2025-12-30\",\"dr_no\":\"76376\",\"po_number\":\"76376\",\"truck_id\":\"1\",\"material_id\":\"2\",\"material_name\":\"Sand\",\"quantity\":\"115\",\"unit_price\":\"15\",\"status\":\"pending\"}',1,'2025-12-29 16:54:17'),(166,'delivery',105,'CREATE',NULL,'{\"form_type\":\"delivery\",\"action\":\"create\",\"del_id\":\"\",\"soa_id\":\"11\",\"insert_mode\":\"1\",\"keep\":\"0\",\"delivery_date\":\"2025-12-30\",\"dr_no\":\"76377\",\"po_number\":\"76377\",\"truck_id\":\"1\",\"material_id\":\"2\",\"material_name\":\"Sand\",\"quantity\":\"115\",\"unit_price\":\"15\",\"status\":\"pending\"}',1,'2025-12-29 16:55:45'),(167,'delivery',106,'CREATE',NULL,'{\"form_type\":\"delivery\",\"action\":\"create\",\"del_id\":\"\",\"soa_id\":\"11\",\"insert_mode\":\"0\",\"keep\":\"0\",\"delivery_date\":\"2025-12-30\",\"dr_no\":\"76378\",\"po_number\":\"76378\",\"truck_id\":\"1\",\"material_id\":\"1\",\"material_name\":\"Stone\",\"quantity\":\"15\",\"unit_price\":\"5\",\"status\":\"pending\"}',1,'2025-12-29 17:04:13'),(168,'delivery',107,'CREATE',NULL,'{\"form_type\":\"delivery\",\"action\":\"create\",\"del_id\":\"\",\"soa_id\":\"11\",\"insert_mode\":\"1\",\"keep\":\"0\",\"delivery_date\":\"2025-12-30\",\"dr_no\":\"76379\",\"po_number\":\"76379\",\"truck_id\":\"1\",\"material_id\":\"2\",\"material_name\":\"Sand\",\"quantity\":\"500\",\"unit_price\":\"50\",\"status\":\"pending\"}',1,'2025-12-29 17:07:56'),(169,'delivery',108,'CREATE',NULL,'{\"form_type\":\"delivery\",\"action\":\"create\",\"del_id\":\"\",\"soa_id\":\"11\",\"insert_mode\":\"0\",\"keep\":\"0\",\"delivery_date\":\"2025-12-30\",\"dr_no\":\"76380\",\"po_number\":\"76380\",\"truck_id\":\"1\",\"material_id\":\"1\",\"material_name\":\"Stone\",\"quantity\":\"25\",\"unit_price\":\"50\",\"status\":\"pending\"}',1,'2025-12-29 17:12:26'),(170,'delivery',109,'CREATE',NULL,'{\"form_type\":\"delivery\",\"action\":\"create\",\"del_id\":\"\",\"soa_id\":\"11\",\"insert_mode\":\"0\",\"keep\":\"0\",\"delivery_date\":\"2025-12-30\",\"dr_no\":\"76381\",\"po_number\":\"76381\",\"truck_id\":\"1\",\"material_id\":\"1\",\"material_name\":\"Stone\",\"quantity\":\"25\",\"unit_price\":\"50\",\"status\":\"pending\"}',1,'2025-12-29 17:12:44'),(171,'delivery',110,'CREATE',NULL,'{\"form_type\":\"delivery\",\"action\":\"create\",\"del_id\":\"\",\"soa_id\":\"11\",\"insert_mode\":\"0\",\"keep\":\"0\",\"delivery_date\":\"2025-12-30\",\"dr_no\":\"76382\",\"po_number\":\"76382\",\"truck_id\":\"1\",\"material_id\":\"2\",\"material_name\":\"Sand\",\"quantity\":\"25\",\"unit_price\":\"100\",\"status\":\"pending\"}',1,'2025-12-29 17:18:48'),(172,'delivery',110,'UPDATE','{\"del_id\":110,\"customer_id\":null,\"soa_id\":11,\"company_id\":4,\"delivery_date\":\"2025-12-30\",\"dr_no\":\"76382\",\"truck_id\":1,\"material\":\"Sand\",\"quantity\":\"25.00\",\"unit_price\":\"100.00\",\"status\":\"Pending\",\"is_deleted\":0,\"date_created\":\"2025-12-29 17:18:48\",\"date_edited\":\"2025-12-29 17:18:48\",\"created_by\":1,\"edited_by\":1,\"terms\":null,\"po_number\":\"76382\",\"billing_date\":null}','{\"form_type\":\"delivery\",\"action\":\"update\",\"del_id\":\"110\",\"soa_id\":\"11\",\"insert_mode\":\"0\",\"keep\":\"0\",\"delivery_date\":\"2025-12-30\",\"dr_no\":\"76382\",\"po_number\":\"76382\",\"truck_id\":\"1\",\"material_id\":\"2\",\"material_name\":\"Sand\",\"quantity\":\"25.00\",\"unit_price\":\"100.00\"}',1,'2025-12-29 17:20:08'),(173,'delivery',110,'UPDATE','{\"del_id\":110,\"customer_id\":null,\"soa_id\":11,\"company_id\":4,\"delivery_date\":\"2025-12-30\",\"dr_no\":\"76382\",\"truck_id\":1,\"material\":\"Sand\",\"quantity\":\"25.00\",\"unit_price\":\"100.00\",\"status\":\"Pending\",\"is_deleted\":0,\"date_created\":\"2025-12-29 17:18:48\",\"date_edited\":\"2025-12-29 17:20:08\",\"created_by\":1,\"edited_by\":1,\"terms\":null,\"po_number\":\"76382\",\"billing_date\":null}','{\"form_type\":\"delivery\",\"action\":\"update\",\"del_id\":\"110\",\"soa_id\":\"11\",\"insert_mode\":\"0\",\"keep\":\"0\",\"delivery_date\":\"2025-12-30\",\"dr_no\":\"76382\",\"po_number\":\"76382\",\"truck_id\":\"1\",\"material_id\":\"2\",\"material_name\":\"Sand\",\"quantity\":\"25.00\",\"unit_price\":\"150.00\"}',1,'2025-12-29 17:20:16'),(174,'delivery',111,'CREATE',NULL,'{\"form_type\":\"delivery\",\"action\":\"create\",\"del_id\":\"\",\"soa_id\":\"11\",\"insert_mode\":\"0\",\"keep\":\"0\",\"delivery_date\":\"2025-12-30\",\"dr_no\":\"76383\",\"po_number\":\"76383\",\"truck_id\":\"1\",\"material_id\":\"2\",\"material_name\":\"Sand\",\"quantity\":\"25\",\"unit_price\":\"50\",\"status\":\"pending\"}',1,'2025-12-29 17:20:35'),(175,'delivery',112,'CREATE',NULL,'{\"form_type\":\"delivery\",\"action\":\"create\",\"del_id\":\"\",\"soa_id\":\"11\",\"delivery_date\":\"2025-12-30\",\"dr_no\":\"76384\",\"po_number\":\"76384\",\"truck_id\":\"1\",\"material_id\":\"2\",\"material_name\":\"Sand\",\"quantity\":\"25\",\"unit_price\":\"50\",\"status\":\"pending\"}',1,'2025-12-29 17:24:08'),(176,'delivery',113,'CREATE',NULL,'{\"form_type\":\"delivery\",\"action\":\"create\",\"del_id\":\"\",\"soa_id\":\"11\",\"delivery_date\":\"2025-12-30\",\"dr_no\":\"76385\",\"po_number\":\"76385\",\"truck_id\":\"1\",\"material_id\":\"2\",\"material_name\":\"Sand\",\"quantity\":\"25\",\"unit_price\":\"50\",\"status\":\"pending\"}',1,'2025-12-29 17:25:33'),(177,'delivery',114,'CREATE',NULL,'{\"form_type\":\"delivery\",\"action\":\"create\",\"del_id\":\"\",\"soa_id\":\"11\",\"insert_mode\":\"1\",\"keep\":\"0\",\"delivery_date\":\"2025-12-30\",\"dr_no\":\"76386\",\"po_number\":\"76386\",\"truck_id\":\"1\",\"material_id\":\"2\",\"material_name\":\"Sand\",\"quantity\":\"25\",\"unit_price\":\"50\",\"status\":\"pending\"}',1,'2025-12-29 17:33:40'),(178,'delivery',115,'CREATE',NULL,'{\"form_type\":\"delivery\",\"action\":\"create\",\"del_id\":\"\",\"soa_id\":\"11\",\"insert_mode\":\"0\",\"keep\":\"0\",\"delivery_date\":\"2025-12-30\",\"dr_no\":\"76387\",\"po_number\":\"76387\",\"truck_id\":\"1\",\"material_id\":\"2\",\"material_name\":\"Sand\",\"quantity\":\"25\",\"unit_price\":\"50\",\"status\":\"pending\"}',1,'2025-12-29 17:36:26'),(179,'delivery',116,'CREATE',NULL,'{\"form_type\":\"delivery\",\"action\":\"create\",\"del_id\":\"\",\"soa_id\":\"11\",\"insert_mode\":\"1\",\"keep\":\"0\",\"delivery_date\":\"2025-12-30\",\"dr_no\":\"76388\",\"po_number\":\"76388\",\"truck_id\":\"1\",\"material_id\":\"2\",\"material_name\":\"Sand\",\"quantity\":\"25\",\"unit_price\":\"50\",\"status\":\"pending\"}',1,'2025-12-29 17:39:07'),(180,'delivery',117,'CREATE',NULL,'{\"form_type\":\"delivery\",\"action\":\"create\",\"del_id\":\"\",\"soa_id\":\"11\",\"insert_mode\":\"1\",\"keep\":\"0\",\"delivery_date\":\"2025-12-30\",\"dr_no\":\"76389\",\"po_number\":\"76389\",\"truck_id\":\"1\",\"material_id\":\"1\",\"material_name\":\"Stone\",\"quantity\":\"115\",\"unit_price\":\"50\",\"status\":\"pending\"}',1,'2025-12-29 17:40:50'),(181,'delivery',117,'UPDATE','{\"del_id\":117,\"customer_id\":null,\"soa_id\":11,\"company_id\":4,\"delivery_date\":\"2025-12-30\",\"dr_no\":\"76389\",\"truck_id\":1,\"material\":\"Stone\",\"quantity\":\"115.00\",\"unit_price\":\"50.00\",\"status\":\"Pending\",\"is_deleted\":0,\"date_created\":\"2025-12-29 17:40:50\",\"date_edited\":\"2025-12-29 17:40:50\",\"created_by\":1,\"edited_by\":1,\"terms\":null,\"po_number\":\"76389\",\"billing_date\":null}','{\"form_type\":\"delivery\",\"action\":\"update\",\"del_id\":\"117\",\"soa_id\":\"11\",\"insert_mode\":\"0\",\"keep\":\"0\",\"delivery_date\":\"2025-12-30\",\"dr_no\":\"76389\",\"po_number\":\"76389\",\"truck_id\":\"1\",\"material_id\":\"1\",\"material_name\":\"\",\"quantity\":\"115.00\",\"unit_price\":\"80.00\",\"status\":\"pending\"}',1,'2025-12-29 17:41:00'),(182,'delivery',117,'UPDATE','{\"del_id\":117,\"customer_id\":null,\"soa_id\":11,\"company_id\":4,\"delivery_date\":\"2025-12-30\",\"dr_no\":\"76389\",\"truck_id\":1,\"material\":\"\",\"quantity\":\"115.00\",\"unit_price\":\"80.00\",\"status\":\"Pending\",\"is_deleted\":0,\"date_created\":\"2025-12-29 17:40:50\",\"date_edited\":\"2025-12-29 17:41:00\",\"created_by\":1,\"edited_by\":1,\"terms\":null,\"po_number\":\"76389\",\"billing_date\":null}','{\"form_type\":\"delivery\",\"action\":\"update\",\"del_id\":\"117\",\"soa_id\":\"11\",\"insert_mode\":\"0\",\"keep\":\"0\",\"delivery_date\":\"2025-12-30\",\"dr_no\":\"76389\",\"po_number\":\"76389\",\"truck_id\":\"1\",\"material_id\":\"1\",\"material_name\":\"Stone\",\"quantity\":\"115.00\",\"unit_price\":\"80.00\",\"status\":\"pending\"}',1,'2025-12-29 17:41:28'),(183,'delivery',117,'UPDATE','{\"del_id\":117,\"customer_id\":null,\"soa_id\":11,\"company_id\":4,\"delivery_date\":\"2025-12-30\",\"dr_no\":\"76389\",\"truck_id\":1,\"material\":\"Stone\",\"quantity\":\"115.00\",\"unit_price\":\"80.00\",\"status\":\"Pending\",\"is_deleted\":0,\"date_created\":\"2025-12-29 17:40:50\",\"date_edited\":\"2025-12-29 17:41:28\",\"created_by\":1,\"edited_by\":1,\"terms\":null,\"po_number\":\"76389\",\"billing_date\":null}','{\"form_type\":\"delivery\",\"action\":\"update\",\"del_id\":\"117\",\"soa_id\":\"11\",\"insert_mode\":\"0\",\"keep\":\"0\",\"delivery_date\":\"2025-12-30\",\"dr_no\":\"76389\",\"po_number\":\"76389\",\"truck_id\":\"1\",\"material_id\":\"2\",\"material_name\":\"Sand\",\"quantity\":\"115.00\",\"unit_price\":\"80.00\",\"status\":\"pending\"}',1,'2025-12-29 17:41:33'),(184,'delivery',118,'CREATE',NULL,'{\"form_type\":\"delivery\",\"action\":\"create\",\"del_id\":\"\",\"soa_id\":\"11\",\"insert_mode\":\"1\",\"keep\":\"0\",\"delivery_date\":\"2025-12-30\",\"dr_no\":\"76390\",\"po_number\":\"76390\",\"truck_id\":\"1\",\"material_id\":\"2\",\"material_name\":\"Sand\",\"quantity\":\"115\",\"unit_price\":\"50\",\"status\":\"pending\"}',1,'2025-12-29 17:42:47'),(185,'delivery',120,'CREATE',NULL,'{\"form_type\":\"delivery\",\"action\":\"create\",\"del_id\":\"\",\"soa_id\":\"11\",\"insert_mode\":\"1\",\"keep\":\"0\",\"delivery_date\":\"2025-12-30\",\"dr_no\":\"76392\",\"po_number\":\"76392\",\"truck_id\":\"1\",\"material_id\":\"2\",\"material_name\":\"Sand\",\"quantity\":\"15\",\"unit_price\":\"50\",\"status\":\"pending\"}',1,'2025-12-29 18:04:17'),(186,'delivery',121,'CREATE',NULL,'{\"form_type\":\"delivery\",\"action\":\"create\",\"del_id\":\"\",\"soa_id\":\"11\",\"insert_mode\":\"1\",\"keep\":\"0\",\"delivery_date\":\"2025-12-30\",\"dr_no\":\"76393\",\"po_number\":\"76393\",\"truck_id\":\"1\",\"material_id\":\"2\",\"material_name\":\"Sand\",\"quantity\":\"25\",\"unit_price\":\"50\",\"status\":\"pending\"}',1,'2025-12-29 18:14:52'),(187,'delivery',122,'CREATE',NULL,'{\"form_type\":\"delivery\",\"action\":\"create\",\"del_id\":\"\",\"soa_id\":\"11\",\"insert_mode\":\"1\",\"keep\":\"0\",\"delivery_date\":\"2025-12-30\",\"dr_no\":\"76394\",\"po_number\":\"76394\",\"truck_id\":\"1\",\"material_id\":\"2\",\"material_name\":\"Sand\",\"quantity\":\"50\",\"unit_price\":\"500\",\"status\":\"pending\"}',1,'2025-12-29 18:18:20'),(188,'delivery',123,'CREATE',NULL,'{\"form_type\":\"delivery\",\"action\":\"create\",\"del_id\":\"\",\"soa_id\":\"11\",\"insert_mode\":\"1\",\"keep\":\"0\",\"delivery_date\":\"2025-12-30\",\"dr_no\":\"76395\",\"po_number\":\"76395\",\"truck_id\":\"1\",\"material_id\":\"2\",\"material_name\":\"Sand\",\"quantity\":\"115\",\"unit_price\":\"50\",\"status\":\"pending\"}',1,'2025-12-29 18:21:59'),(189,'delivery',123,'UPDATE','{\"del_id\":123,\"customer_id\":null,\"soa_id\":11,\"company_id\":4,\"delivery_date\":\"2025-12-30\",\"dr_no\":\"76395\",\"truck_id\":1,\"material\":\"Sand\",\"quantity\":\"115.00\",\"unit_price\":\"50.00\",\"status\":\"Pending\",\"is_deleted\":0,\"date_created\":\"2025-12-29 18:21:59\",\"date_edited\":\"2025-12-29 18:21:59\",\"created_by\":1,\"edited_by\":1,\"terms\":null,\"po_number\":\"76395\",\"billing_date\":null}','{\"form_type\":\"delivery\",\"action\":\"update\",\"del_id\":\"123\",\"soa_id\":\"11\",\"insert_mode\":\"0\",\"keep\":\"0\",\"delivery_date\":\"2025-12-30\",\"dr_no\":\"76395\",\"po_number\":\"76395\",\"truck_id\":\"1\",\"material_id\":\"2\",\"material_name\":\"\",\"quantity\":\"115.00\",\"unit_price\":\"100.00\",\"status\":\"pending\"}',1,'2025-12-29 18:33:33'),(190,'delivery',123,'UPDATE','{\"del_id\":123,\"customer_id\":null,\"soa_id\":11,\"company_id\":4,\"delivery_date\":\"2025-12-30\",\"dr_no\":\"76395\",\"truck_id\":1,\"material\":\"\",\"quantity\":\"115.00\",\"unit_price\":\"100.00\",\"status\":\"Pending\",\"is_deleted\":0,\"date_created\":\"2025-12-29 18:21:59\",\"date_edited\":\"2025-12-29 18:33:33\",\"created_by\":1,\"edited_by\":1,\"terms\":null,\"po_number\":\"76395\",\"billing_date\":null}','{\"form_type\":\"delivery\",\"action\":\"update\",\"del_id\":\"123\",\"soa_id\":\"11\",\"insert_mode\":\"0\",\"keep\":\"0\",\"delivery_date\":\"2025-12-30\",\"dr_no\":\"76395\",\"po_number\":\"76395\",\"truck_id\":\"1\",\"material_id\":\"\",\"material_name\":\"\",\"quantity\":\"115.00\",\"unit_price\":\"50.00\",\"status\":\"pending\"}',1,'2025-12-29 18:34:34'),(191,'delivery',123,'UPDATE','{\"del_id\":123,\"customer_id\":null,\"soa_id\":11,\"company_id\":4,\"delivery_date\":\"2025-12-30\",\"dr_no\":\"76395\",\"truck_id\":1,\"material\":\"\",\"quantity\":\"115.00\",\"unit_price\":\"50.00\",\"status\":\"Pending\",\"is_deleted\":0,\"date_created\":\"2025-12-29 18:21:59\",\"date_edited\":\"2025-12-29 18:34:34\",\"created_by\":1,\"edited_by\":1,\"terms\":null,\"po_number\":\"76395\",\"billing_date\":null}','{\"form_type\":\"delivery\",\"action\":\"update\",\"del_id\":\"123\",\"soa_id\":\"11\",\"insert_mode\":\"0\",\"keep\":\"0\",\"delivery_date\":\"2025-12-30\",\"dr_no\":\"76395\",\"po_number\":\"76395\",\"truck_id\":\"1\",\"material_id\":\"\",\"material_name\":\"\",\"quantity\":\"115.00\",\"unit_price\":\"100.00\",\"status\":\"pending\"}',1,'2025-12-29 18:35:37'),(192,'delivery',123,'UPDATE','{\"del_id\":123,\"customer_id\":null,\"soa_id\":11,\"company_id\":4,\"delivery_date\":\"2025-12-30\",\"dr_no\":\"76395\",\"truck_id\":1,\"material\":\"\",\"quantity\":\"115.00\",\"unit_price\":\"100.00\",\"status\":\"Pending\",\"is_deleted\":0,\"date_created\":\"2025-12-29 18:21:59\",\"date_edited\":\"2025-12-29 18:35:37\",\"created_by\":1,\"edited_by\":1,\"terms\":null,\"po_number\":\"76395\",\"billing_date\":null}','{\"form_type\":\"delivery\",\"action\":\"update\",\"del_id\":\"123\",\"soa_id\":\"11\",\"insert_mode\":\"0\",\"keep\":\"0\",\"delivery_date\":\"2025-12-30\",\"dr_no\":\"76395\",\"po_number\":\"76395\",\"truck_id\":\"1\",\"material_id\":\"1\",\"material_name\":\"Stone\",\"quantity\":\"115.00\",\"unit_price\":\"100.00\",\"status\":\"pending\"}',1,'2025-12-29 18:41:24'),(193,'delivery',124,'CREATE',NULL,'{\"form_type\":\"delivery\",\"action\":\"create\",\"del_id\":\"\",\"soa_id\":\"11\",\"insert_mode\":\"0\",\"keep\":\"0\",\"delivery_date\":\"2025-12-30\",\"dr_no\":\"76396\",\"po_number\":\"76396\",\"truck_id\":\"1\",\"material_id\":\"2\",\"material_name\":\"Sand\",\"quantity\":\"50\",\"unit_price\":\"60\",\"status\":\"pending\"}',1,'2025-12-29 19:25:39'),(194,'delivery',125,'CREATE',NULL,'{\"form_type\":\"delivery\",\"action\":\"create\",\"del_id\":\"\",\"soa_id\":\"11\",\"insert_mode\":\"0\",\"keep\":\"0\",\"delivery_date\":\"2025-12-30\",\"dr_no\":\"76397\",\"po_number\":\"76397\",\"truck_id\":\"1\",\"material_id\":\"2\",\"material_name\":\"Sand\",\"quantity\":\"15\",\"unit_price\":\"50\",\"status\":\"pending\"}',1,'2025-12-29 19:25:58'),(195,'delivery',130,'CREATE',NULL,'{\"form_type\":\"delivery\",\"action\":\"create\",\"del_id\":\"\",\"soa_id\":\"11\",\"insert_mode\":\"0\",\"keep\":\"0\",\"delivery_date\":\"2025-12-30\",\"dr_no\":\"76402\",\"po_number\":\"76402\",\"truck_id\":\"1\",\"material_id\":\"2\",\"material_name\":\"Sand\",\"quantity\":\"25\",\"unit_price\":\"500\",\"status\":\"pending\"}',1,'2025-12-29 20:14:29');
/*!40000 ALTER TABLE `audit_log` ENABLE KEYS */;
UNLOCK TABLES;

--
-- Table structure for table `backup_log`
--

DROP TABLE IF EXISTS `backup_log`;
/*!40101 SET @saved_cs_client     = @@character_set_client */;
/*!50503 SET character_set_client = utf8mb4 */;
CREATE TABLE `backup_log` (
  `id` int NOT NULL AUTO_INCREMENT,
  `filename` varchar(255) NOT NULL,
  `type` enum('sql','csv','excel') NOT NULL,
  `created_by` int DEFAULT NULL,
  `created_at` datetime DEFAULT CURRENT_TIMESTAMP,
  PRIMARY KEY (`id`),
  KEY `type` (`type`),
  KEY `created_at` (`created_at`)
) ENGINE=InnoDB AUTO_INCREMENT=21 DEFAULT CHARSET=utf8mb4 COLLATE=utf8mb4_0900_ai_ci;
/*!40101 SET character_set_client = @saved_cs_client */;

--
-- Dumping data for table `backup_log`
--

LOCK TABLES `backup_log` WRITE;
/*!40000 ALTER TABLE `backup_log` DISABLE KEYS */;
INSERT INTO `backup_log` VALUES (1,'C:../Documents/aggresand/backup_2025-12-17.sql.zip','sql',NULL,'2025-12-17 00:00:02'),(2,'C:../Documents/aggresand/backup_2025-12-18.sql.zip','sql',NULL,'2025-12-18 00:00:03'),(3,'C:../Documents/aggresand/backup_2025-12-19.sql.zip','sql',NULL,'2025-12-19 00:00:03'),(4,'C:../Documents/aggresand/backup_2025-12-20.sql.zip','sql',NULL,'2025-12-20 00:00:03'),(5,'backup_2025-12-22_141428.xls','excel',NULL,'2025-12-22 14:14:28'),(6,'backup_2025-12-22_141505.xls','excel',NULL,'2025-12-22 14:15:05'),(7,'backup_2025-12-22_141805.xls','excel',NULL,'2025-12-22 14:18:05'),(8,'backup_2025-12-22_141805.sql.zip','sql',NULL,'2025-12-22 14:18:05'),(9,'backup_2025-12-22_141805.csv.zip','csv',NULL,'2025-12-22 14:18:05'),(10,'backup_sql_20251222_143156.zip','sql',1,'2025-12-22 14:31:56'),(11,'MANUAL_csv_20251222_143349.zip','csv',1,'2025-12-22 14:33:49'),(12,'MANUAL_csv_20251222_143702.zip','csv',1,'2025-12-22 14:37:02'),(13,'AUTO_backup_2025-12-22_143716.xls','excel',NULL,'2025-12-22 14:37:16'),(14,'AUTO_backup_2025-12-22_143716.sql.zip','sql',NULL,'2025-12-22 14:37:16'),(15,'AUTO_backup_2025-12-22_143716.csv.zip','csv',NULL,'2025-12-22 14:37:16'),(16,'MANUAL_csv_20251222_143748.zip','csv',1,'2025-12-22 14:37:48'),(17,'MANUAL_csv_20251222_143944.zip','csv',1,'2025-12-22 14:39:44'),(18,'MANUAL_csv_20251222_144241.zip','csv',1,'2025-12-22 14:42:41'),(19,'MANUAL_sql_20251222_144503.zip','sql',1,'2025-12-22 14:45:03'),(20,'MANUAL_sql_20251222_165248.zip','sql',1,'2025-12-22 16:52:48');
/*!40000 ALTER TABLE `backup_log` ENABLE KEYS */;
UNLOCK TABLES;

--
-- Table structure for table `company`
--

DROP TABLE IF EXISTS `company`;
/*!40101 SET @saved_cs_client     = @@character_set_client */;
/*!50503 SET character_set_client = utf8mb4 */;
CREATE TABLE `company` (
  `company_id` int NOT NULL AUTO_INCREMENT,
  `company_name` varchar(100) NOT NULL,
  `assigned_to` varchar(100) DEFAULT NULL,
  `address` text,
  `contact_no` varchar(20) DEFAULT NULL,
  `email` varchar(100) DEFAULT NULL,
  `status` enum('Active','Inactive') DEFAULT 'Active',
  `is_deleted` tinyint(1) DEFAULT '0',
  `date_created` datetime DEFAULT CURRENT_TIMESTAMP,
  `date_edited` datetime DEFAULT NULL ON UPDATE CURRENT_TIMESTAMP,
  `created_by` int DEFAULT NULL,
  `edited_by` int DEFAULT NULL,
  PRIMARY KEY (`company_id`),
  KEY `created_by` (`created_by`),
  KEY `edited_by` (`edited_by`),
  CONSTRAINT `company_ibfk_1` FOREIGN KEY (`created_by`) REFERENCES `admin` (`admin_id`) ON DELETE SET NULL ON UPDATE CASCADE,
  CONSTRAINT `company_ibfk_2` FOREIGN KEY (`edited_by`) REFERENCES `admin` (`admin_id`) ON DELETE SET NULL ON UPDATE CASCADE
) ENGINE=InnoDB AUTO_INCREMENT=5 DEFAULT CHARSET=utf8mb4 COLLATE=utf8mb4_0900_ai_ci;
/*!40101 SET character_set_client = @saved_cs_client */;

--
-- Dumping data for table `company`
--

LOCK TABLES `company` WRITE;
/*!40000 ALTER TABLE `company` DISABLE KEYS */;
INSERT INTO `company` VALUES (1,'Company 1',NULL,'Quezon City','09658739574','company1@gmail.com','Active',0,'2025-12-18 13:48:41','2025-12-18 13:48:41',1,1),(2,'Company 2',NULL,'Marikina City','09165213635','company2@gmail.com','Active',0,'2025-12-21 17:40:48','2025-12-21 17:40:48',1,1),(3,'10K Concrete Mix Specialist Inc.',NULL,'','','','Active',0,'2025-12-22 17:57:08','2025-12-22 17:57:08',1,1),(4,'10K Concrete Mix',NULL,'','','','Active',0,'2025-12-29 15:23:41','2025-12-29 15:23:41',1,1);
/*!40000 ALTER TABLE `company` ENABLE KEYS */;
UNLOCK TABLES;

--
-- Table structure for table `contractor`
--

DROP TABLE IF EXISTS `contractor`;
/*!40101 SET @saved_cs_client     = @@character_set_client */;
/*!50503 SET character_set_client = utf8mb4 */;
CREATE TABLE `contractor` (
  `contractor_id` int NOT NULL AUTO_INCREMENT,
  `contractor_name` varchar(100) NOT NULL,
  `contact_person` varchar(100) DEFAULT NULL,
  `contact_no` varchar(20) DEFAULT NULL,
  `email` varchar(100) DEFAULT NULL,
  `status` enum('Active','Inactive') DEFAULT 'Active',
  `is_deleted` tinyint(1) DEFAULT '0',
  `date_created` datetime DEFAULT CURRENT_TIMESTAMP,
  `date_edited` datetime DEFAULT NULL ON UPDATE CURRENT_TIMESTAMP,
  `created_by` int DEFAULT NULL,
  `edited_by` int DEFAULT NULL,
  PRIMARY KEY (`contractor_id`),
  KEY `created_by` (`created_by`),
  KEY `edited_by` (`edited_by`),
  CONSTRAINT `contractor_ibfk_1` FOREIGN KEY (`created_by`) REFERENCES `admin` (`admin_id`) ON DELETE SET NULL ON UPDATE CASCADE,
  CONSTRAINT `contractor_ibfk_2` FOREIGN KEY (`edited_by`) REFERENCES `admin` (`admin_id`) ON DELETE SET NULL ON UPDATE CASCADE
) ENGINE=InnoDB AUTO_INCREMENT=3 DEFAULT CHARSET=utf8mb4 COLLATE=utf8mb4_0900_ai_ci;
/*!40101 SET character_set_client = @saved_cs_client */;

--
-- Dumping data for table `contractor`
--

LOCK TABLES `contractor` WRITE;
/*!40000 ALTER TABLE `contractor` DISABLE KEYS */;
INSERT INTO `contractor` VALUES (1,'Jane Doe','Jane Doe','09145672345','janedoe@gmail.com','Active',0,'2025-12-18 13:47:44','2025-12-18 13:47:44',1,1),(2,'10K Concrete Mix Specialist Inc.','','','','Active',0,'2025-12-22 17:56:38','2025-12-22 17:56:38',1,1);
/*!40000 ALTER TABLE `contractor` ENABLE KEYS */;
UNLOCK TABLES;

--
-- Table structure for table `customer`
--

DROP TABLE IF EXISTS `customer`;
/*!40101 SET @saved_cs_client     = @@character_set_client */;
/*!50503 SET character_set_client = utf8mb4 */;
CREATE TABLE `customer` (
  `customer_id` int NOT NULL AUTO_INCREMENT,
  `company_id` int DEFAULT NULL,
  `contractor_id` int DEFAULT NULL,
  `site_id` int DEFAULT NULL,
  `customer_name` varchar(100) NOT NULL,
  `contact_no` varchar(20) DEFAULT NULL,
  `email` varchar(100) DEFAULT NULL,
  `address` text,
  `status` enum('Active','Inactive') DEFAULT 'Active',
  `is_deleted` tinyint(1) DEFAULT '0',
  `date_created` datetime DEFAULT CURRENT_TIMESTAMP,
  `date_edited` datetime DEFAULT NULL ON UPDATE CURRENT_TIMESTAMP,
  `created_by` int DEFAULT NULL,
  `edited_by` int DEFAULT NULL,
  PRIMARY KEY (`customer_id`),
  KEY `company_id` (`company_id`),
  KEY `contractor_id` (`contractor_id`),
  KEY `site_id` (`site_id`),
  KEY `created_by` (`created_by`),
  KEY `edited_by` (`edited_by`),
  CONSTRAINT `customer_ibfk_1` FOREIGN KEY (`company_id`) REFERENCES `company` (`company_id`) ON DELETE SET NULL ON UPDATE CASCADE,
  CONSTRAINT `customer_ibfk_2` FOREIGN KEY (`contractor_id`) REFERENCES `contractor` (`contractor_id`) ON DELETE SET NULL ON UPDATE CASCADE,
  CONSTRAINT `customer_ibfk_3` FOREIGN KEY (`site_id`) REFERENCES `site` (`site_id`) ON DELETE SET NULL ON UPDATE CASCADE,
  CONSTRAINT `customer_ibfk_4` FOREIGN KEY (`created_by`) REFERENCES `admin` (`admin_id`) ON DELETE SET NULL ON UPDATE CASCADE,
  CONSTRAINT `customer_ibfk_5` FOREIGN KEY (`edited_by`) REFERENCES `admin` (`admin_id`) ON DELETE SET NULL ON UPDATE CASCADE
) ENGINE=InnoDB AUTO_INCREMENT=4 DEFAULT CHARSET=utf8mb4 COLLATE=utf8mb4_0900_ai_ci;
/*!40101 SET character_set_client = @saved_cs_client */;

--
-- Dumping data for table `customer`
--

LOCK TABLES `customer` WRITE;
/*!40000 ALTER TABLE `customer` DISABLE KEYS */;
INSERT INTO `customer` VALUES (1,1,1,1,'John Doe','09651333574','johndoe@gmail.com','Quezon City','Active',0,'2025-12-18 13:49:28','2025-12-18 13:49:28',1,1),(2,2,1,1,'Billy Woke',NULL,NULL,NULL,'Active',0,'2025-12-21 17:44:40','2025-12-21 17:44:40',1,1),(3,3,NULL,1,'N/A',NULL,NULL,NULL,'Active',0,'2025-12-22 17:59:51','2025-12-22 17:59:51',1,1);
/*!40000 ALTER TABLE `customer` ENABLE KEYS */;
UNLOCK TABLES;

--
-- Table structure for table `delivery`
--

DROP TABLE IF EXISTS `delivery`;
/*!40101 SET @saved_cs_client     = @@character_set_client */;
/*!50503 SET character_set_client = utf8mb4 */;
CREATE TABLE `delivery` (
  `del_id` int NOT NULL AUTO_INCREMENT,
  `customer_id` int DEFAULT NULL,
  `soa_id` int DEFAULT NULL,
  `company_id` int DEFAULT NULL,
  `delivery_date` date DEFAULT NULL,
  `dr_no` varchar(50) DEFAULT NULL,
  `truck_id` int DEFAULT NULL,
  `material` varchar(100) DEFAULT NULL,
  `quantity` decimal(10,2) DEFAULT NULL,
  `unit_price` decimal(10,2) DEFAULT NULL,
  `status` enum('Pending','Delivered','Cancelled') DEFAULT 'Pending',
  `is_deleted` tinyint(1) DEFAULT '0',
  `date_created` datetime DEFAULT CURRENT_TIMESTAMP,
  `date_edited` datetime DEFAULT NULL ON UPDATE CURRENT_TIMESTAMP,
  `created_by` int DEFAULT NULL,
  `edited_by` int DEFAULT NULL,
  `terms` text,
  `po_number` varchar(255) DEFAULT NULL,
  `billing_date` date DEFAULT NULL,
  PRIMARY KEY (`del_id`),
  UNIQUE KEY `uniq_dr_no` (`dr_no`),
  KEY `customer_id` (`customer_id`),
  KEY `truck_id` (`truck_id`),
  KEY `created_by` (`created_by`),
  KEY `edited_by` (`edited_by`),
  KEY `fk_delivery_soa` (`soa_id`),
  CONSTRAINT `delivery_ibfk_2` FOREIGN KEY (`truck_id`) REFERENCES `truck` (`truck_id`) ON DELETE SET NULL ON UPDATE CASCADE,
  CONSTRAINT `delivery_ibfk_3` FOREIGN KEY (`created_by`) REFERENCES `admin` (`admin_id`) ON DELETE SET NULL ON UPDATE CASCADE,
  CONSTRAINT `delivery_ibfk_4` FOREIGN KEY (`edited_by`) REFERENCES `admin` (`admin_id`) ON DELETE SET NULL ON UPDATE CASCADE,
  CONSTRAINT `fk_delivery_soa` FOREIGN KEY (`soa_id`) REFERENCES `statement_of_account` (`soa_id`) ON DELETE RESTRICT ON UPDATE CASCADE,
  CONSTRAINT `chk_delivery_billing_date` CHECK ((`billing_date` >= `delivery_date`))
) ENGINE=InnoDB AUTO_INCREMENT=131 DEFAULT CHARSET=utf8mb4 COLLATE=utf8mb4_0900_ai_ci;
/*!40101 SET character_set_client = @saved_cs_client */;

--
-- Dumping data for table `delivery`
--

LOCK TABLES `delivery` WRITE;
/*!40000 ALTER TABLE `delivery` DISABLE KEYS */;
INSERT INTO `delivery` VALUES (1,1,1,1,'2025-12-18','000123',1,'Stone',115.00,631.00,'Pending',0,'2025-12-18 13:50:39','2025-12-29 01:08:33',1,1,'0','001','2025-12-21'),(2,1,2,1,'2025-12-19','000125',1,'Stone',115.00,6123.00,'Pending',0,'2025-12-18 13:51:57','2025-12-29 01:08:33',1,1,'30','002','2025-12-21'),(3,1,3,1,'2025-12-18','000124',1,'Stone',115.00,261.00,'Pending',0,'2025-12-18 14:01:47','2025-12-29 01:08:33',1,1,NULL,'003','2025-12-20'),(4,1,3,1,'2025-12-18','125156',1,'Stone',115.00,51.00,'Pending',0,'2025-12-18 14:15:36','2025-12-29 01:08:33',1,1,NULL,'1235','2025-12-21'),(5,1,3,1,'2025-12-18','51623',1,'Stone',5.00,15.00,'Pending',0,'2025-12-18 14:16:12','2025-12-29 01:08:33',1,1,NULL,'1631','2025-12-20'),(6,1,3,1,'2025-12-18','62321',1,'Stone',115.00,61.00,'Pending',0,'2025-12-18 14:22:40','2025-12-29 01:08:33',1,1,NULL,'12513','2025-12-20'),(7,1,3,1,'2025-12-18','8546',1,'Stone',25.00,51.00,'Pending',0,'2025-12-18 14:41:16','2025-12-29 01:08:33',1,1,NULL,'6247','2025-12-21'),(8,1,3,1,'2025-12-18','175723',1,'Stone',25.00,51.00,'Pending',0,'2025-12-18 14:42:35','2025-12-29 01:08:33',1,1,NULL,'12352','2025-12-21'),(9,1,3,1,'2025-12-18','98679',1,'Stone',20.00,51.00,'Pending',0,'2025-12-18 14:52:47','2025-12-29 01:08:33',1,1,NULL,'23461','2025-12-21'),(10,1,3,1,'2025-12-18','8568',1,'Stone',20.00,51.00,'Pending',0,'2025-12-18 14:52:56','2025-12-29 01:08:33',1,1,NULL,'23461','2025-12-21'),(11,1,3,1,'2025-12-18','75698',1,'Stone',51.00,51.00,'Pending',0,'2025-12-18 14:53:10','2025-12-29 01:08:33',1,1,NULL,'2363547','2025-12-21'),(12,1,3,1,'2025-12-18','513267',1,'Stone',125.00,156.00,'Pending',0,'2025-12-18 14:54:35','2025-12-29 01:08:33',1,1,NULL,'12126','2025-12-20'),(13,1,3,1,'2025-12-18','1525234',1,'Stone',125.00,156.00,'Pending',0,'2025-12-18 14:54:46','2025-12-29 01:08:33',1,1,NULL,'12566','2025-12-20'),(14,1,3,1,'2025-12-18','125634',1,'Stone',125.00,156.00,'Pending',0,'2025-12-18 14:54:58','2025-12-29 01:08:33',1,1,NULL,'12566','2025-12-20'),(15,1,3,1,'2025-12-18','156155',NULL,'Stone',125.00,156.00,'Pending',0,'2025-12-18 14:55:16','2025-12-29 01:08:33',1,1,NULL,'12566','2025-12-20'),(16,1,3,1,'2025-12-18','163476',1,'Stone',75.00,74.00,'Pending',0,'2025-12-18 14:56:23','2025-12-29 01:08:33',1,1,NULL,'12124','2025-12-21'),(17,1,3,1,'2025-12-18','12376',1,'Stone',75.00,74.00,'Pending',0,'2025-12-18 14:56:31','2025-12-29 01:08:33',1,1,NULL,'1257','2025-12-21'),(18,1,3,1,'2025-12-18','12366',1,'Stone',115.00,51.00,'Pending',0,'2025-12-18 15:04:26','2025-12-29 01:08:33',1,1,NULL,'12366','2025-12-19'),(19,1,3,1,'2025-12-18','83124',1,'Stone',25.00,50.00,'Pending',0,'2025-12-18 17:02:55','2025-12-29 01:08:33',1,1,NULL,'83124',NULL),(20,1,3,1,'2025-12-18','83125',1,'Stone',25.00,50.00,'Pending',0,'2025-12-18 17:03:07','2025-12-29 01:08:33',1,1,NULL,'83125',NULL),(21,1,4,1,'2025-12-20','12513',1,'Stone',25.00,51.00,'Pending',0,'2025-12-18 19:09:32','2025-12-29 01:08:33',1,1,NULL,'12513',NULL),(22,1,4,1,'2025-12-20','12514',1,'Stone',25.00,51.00,'Pending',0,'2025-12-18 19:09:40','2025-12-29 01:08:33',1,1,NULL,'12514',NULL),(23,1,5,1,'2025-12-18','62351',1,'Stone',115.00,500.00,'Pending',0,'2025-12-18 19:12:37','2025-12-29 01:08:33',1,1,NULL,'62351',NULL),(24,1,5,1,'2025-12-18','62352',1,'Stone',115.00,500.00,'Pending',0,'2025-12-18 19:12:44','2025-12-29 01:08:33',1,1,NULL,'62352',NULL),(25,1,5,1,'2025-12-18','12467',1,'Stone',115.00,50.00,'Pending',0,'2025-12-18 19:51:54','2025-12-29 01:08:33',1,1,NULL,'12467',NULL),(26,1,5,1,'2025-12-21','74567',1,'Stone',50.00,50.00,'Pending',0,'2025-12-21 14:51:51','2025-12-29 01:08:33',1,1,NULL,'74567',NULL),(27,1,5,1,'2025-12-21','74568',1,'Stone',50.00,50.00,'Pending',0,'2025-12-21 14:52:00','2025-12-29 01:08:33',1,1,NULL,'74568',NULL),(28,1,5,1,'2025-12-21','74569',1,'Stone',50.00,50.00,'Pending',0,'2025-12-21 14:52:06','2025-12-29 01:08:33',1,1,NULL,'74569',NULL),(29,1,5,1,'2025-12-21','74570',1,'Stone',50.00,50.00,'Pending',0,'2025-12-21 14:52:12','2025-12-29 01:08:33',1,1,NULL,'74570',NULL),(30,1,5,1,'2025-12-21','74571',1,'Stone',50.00,50.00,'Pending',0,'2025-12-21 14:52:16','2025-12-29 01:08:33',1,1,NULL,'74571',NULL),(31,1,5,1,'2025-12-21','74572',1,'Stone',50.00,50.00,'Pending',0,'2025-12-21 14:52:19','2025-12-29 01:08:33',1,1,NULL,'74572',NULL),(32,1,5,1,'2025-12-21','74573',1,'Stone',59.00,65.00,'Pending',0,'2025-12-21 14:52:52','2025-12-29 01:08:33',1,1,NULL,'74573',NULL),(33,1,5,1,'2025-12-21','74574',1,'Stone',59.00,65.00,'Pending',0,'2025-12-21 14:52:57','2025-12-29 01:08:33',1,1,NULL,'74574',NULL),(34,1,5,1,'2025-12-21','74575',1,'Stone',20.00,51.00,'Pending',0,'2025-12-21 14:54:14','2025-12-29 01:08:33',1,1,NULL,'74575',NULL),(35,1,5,1,'2025-12-21','74576',1,'Stone',20.00,51.00,'Pending',0,'2025-12-21 14:54:19','2025-12-29 01:08:33',1,1,NULL,'74576',NULL),(36,1,5,1,'2025-12-21','74577',1,'Stone',20.00,51.00,'Pending',0,'2025-12-21 14:54:24','2025-12-29 01:08:33',1,1,NULL,'74577',NULL),(37,1,5,1,'2025-12-21','74578',1,'Stone',20.00,51.00,'Pending',0,'2025-12-21 14:54:29','2025-12-29 01:08:33',1,1,NULL,'74578',NULL),(38,1,5,1,'2025-12-21','74579',1,'Stone',20.00,51.00,'Pending',0,'2025-12-21 14:54:33','2025-12-29 01:08:33',1,1,NULL,'74579',NULL),(39,1,5,1,'2025-12-21','74580',1,'Stone',20.00,51.00,'Pending',0,'2025-12-21 14:54:38','2025-12-29 01:08:33',1,1,NULL,'74580',NULL),(40,1,5,1,'2025-12-21','74581',1,'Stone',20.00,51.00,'Pending',0,'2025-12-21 14:54:42','2025-12-29 01:08:33',1,1,NULL,'74581',NULL),(41,1,5,1,'2025-12-21','74582',1,'Stone',20.00,51.00,'Pending',0,'2025-12-21 14:54:46','2025-12-29 01:08:33',1,1,NULL,'74582',NULL),(42,1,5,1,'2025-12-21','74583',1,'Stone',20.00,51.00,'Pending',0,'2025-12-21 14:54:50','2025-12-29 01:08:33',1,1,NULL,'74583',NULL),(43,1,5,1,'2025-12-21','74584',1,'Stone',20.00,51.00,'Pending',0,'2025-12-21 14:54:55','2025-12-29 01:08:33',1,1,NULL,'74584',NULL),(44,1,5,1,'2025-12-21','74585',1,'Stone',20.00,51.00,'Pending',0,'2025-12-21 14:54:59','2025-12-29 01:08:33',1,1,NULL,'74585',NULL),(45,1,5,1,'2025-12-21','74586',1,'Stone',20.00,51.00,'Pending',0,'2025-12-21 14:55:03','2025-12-29 01:08:33',1,1,NULL,'74586',NULL),(46,1,5,1,'2025-12-21','74587',1,'Stone',20.00,51.00,'Pending',0,'2025-12-21 14:55:07','2025-12-29 01:08:33',1,1,NULL,'74587',NULL),(47,1,5,1,'2025-12-21','74588',1,'Stone',20.00,51.00,'Pending',0,'2025-12-21 14:55:10','2025-12-29 01:08:33',1,1,NULL,'74588',NULL),(48,1,5,1,'2025-12-21','74589',1,'Stone',20.00,51.00,'Pending',0,'2025-12-21 14:55:14','2025-12-29 01:08:33',1,1,NULL,'74589',NULL),(49,1,5,1,'2025-12-21','74590',1,'Stone',20.00,51.00,'Pending',0,'2025-12-21 14:55:19','2025-12-29 01:08:33',1,1,NULL,'74590',NULL),(50,1,5,1,'2025-12-21','74591',1,'Stone',20.00,51.00,'Pending',1,'2025-12-21 14:55:23','2025-12-29 13:29:12',1,1,NULL,'74591',NULL),(51,2,7,2,'2025-12-23','12315',1,'Stone',115.00,51.00,'Pending',0,'2025-12-22 16:42:20','2025-12-29 01:08:33',1,1,NULL,'12315',NULL),(52,3,9,3,'2025-12-22','56346',1,'Stone',60.00,500.00,'Pending',1,'2025-12-22 18:00:51','2025-12-29 04:02:36',1,1,NULL,'56346',NULL),(53,NULL,9,3,'2025-12-30','76445',1,'Stone',15.00,51.00,'Pending',1,'2025-12-29 02:01:48','2025-12-29 03:45:47',1,1,NULL,'76445',NULL),(54,NULL,9,3,'2025-12-29','13760',1,'Stone',15.00,51.00,'Pending',1,'2025-12-29 02:10:34','2025-12-29 04:20:30',1,1,NULL,'13760',NULL),(55,NULL,9,3,'2025-12-30','13761',1,'Stone',15.00,51.00,'Pending',1,'2025-12-29 02:11:02','2025-12-29 03:31:08',1,1,NULL,'13761',NULL),(56,NULL,9,3,'2025-12-29','12361',1,'Stone',15.00,51.00,'Pending',1,'2025-12-29 02:12:11','2025-12-29 15:11:40',1,1,NULL,'12361',NULL),(57,NULL,9,3,'2025-12-29','12516',1,'Stone',25.00,50.00,'Pending',0,'2025-12-29 02:16:15','2025-12-29 03:05:56',1,1,NULL,'12516',NULL),(58,NULL,9,3,'2025-12-29','51784',1,'Stone',25.00,51.00,'Pending',0,'2025-12-29 02:30:27','2025-12-29 03:05:56',1,1,NULL,'51784',NULL),(59,NULL,9,3,'2025-12-30','83465',1,'Stone',25.00,2650.00,'Delivered',0,'2025-12-29 02:33:10','2025-12-29 15:15:00',1,1,NULL,'83465',NULL),(60,NULL,9,3,'2025-12-29','74523',1,'Stone',25.00,55.00,'Pending',0,'2025-12-29 02:59:33','2025-12-29 03:01:48',1,1,NULL,'74523',NULL),(61,NULL,7,2,'2025-12-29','74524',1,'Stone',25.00,50.00,'Pending',0,'2025-12-29 03:00:41','2025-12-29 03:00:41',1,1,NULL,'74524',NULL),(62,NULL,7,2,'2025-12-29','74525',1,'Stone',25.00,50.00,'Pending',0,'2025-12-29 03:00:57','2025-12-29 03:00:57',1,1,NULL,'74525',NULL),(63,NULL,8,2,'2025-12-30','74682',1,'Stone',25.00,51.00,'Pending',0,'2025-12-29 03:09:14','2025-12-29 03:09:14',1,1,NULL,'74682',NULL),(65,NULL,NULL,NULL,NULL,NULL,NULL,NULL,NULL,NULL,NULL,0,'2025-12-29 13:31:52','2025-12-29 13:31:52',1,1,NULL,NULL,NULL),(67,NULL,10,3,'2025-12-29','51854',1,'Stone',25.00,51.00,'Pending',0,'2025-12-29 13:38:25','2025-12-29 13:38:25',1,1,NULL,'51854',NULL),(68,NULL,10,3,'2025-12-29','87123',1,'Stone',25.00,388.00,'Pending',0,'2025-12-29 14:02:35','2025-12-29 14:45:24',1,1,NULL,'87123',NULL),(69,NULL,10,3,'2025-12-29','51855',1,'Stone',25.00,500.00,'Pending',1,'2025-12-29 14:08:09','2025-12-29 14:14:36',1,1,NULL,'51855',NULL),(70,NULL,10,3,'2025-12-30','34583',1,'Stone',51.00,578.00,'Delivered',0,'2025-12-29 14:46:54','2025-12-29 15:10:34',1,1,NULL,'34583',NULL),(71,NULL,10,3,'2025-12-30','34584',1,'Stone',51.00,450.00,'Delivered',0,'2025-12-29 14:47:02','2025-12-29 15:10:29',1,1,NULL,'34584',NULL),(72,NULL,10,3,'2025-12-29','34585',1,'Stone',25.00,155.00,'Pending',0,'2025-12-29 15:09:42','2025-12-29 15:09:42',1,1,NULL,'34585',NULL),(73,NULL,11,4,'2025-12-30','76345',1,'Sand',25.00,500.00,'Pending',0,'2025-12-29 15:25:32','2025-12-29 15:25:32',1,1,NULL,'76345',NULL),(74,NULL,11,4,'2025-12-29','76346',1,'Sand',25.00,500.00,'Pending',0,'2025-12-29 15:33:13','2025-12-29 15:33:13',1,1,NULL,'76346',NULL),(75,NULL,11,4,'2025-12-29','76347',1,'Sand',25.00,500.00,'Pending',0,'2025-12-29 15:35:39','2025-12-29 15:35:39',1,1,NULL,'76347',NULL),(76,NULL,11,4,'2025-12-29','76348',1,'Sand',25.00,500.00,'Pending',0,'2025-12-29 15:36:25','2025-12-29 15:36:25',1,1,NULL,'76348',NULL),(77,NULL,11,4,'2025-12-30','76349',1,'Stone',15.00,511.00,'Pending',0,'2025-12-29 15:40:06','2025-12-29 15:40:06',1,1,NULL,'76349',NULL),(78,NULL,11,4,'2025-12-30','76350',1,'Stone',25.00,51.00,'Pending',0,'2025-12-29 15:41:54','2025-12-29 15:41:54',1,1,NULL,'76350',NULL),(79,NULL,11,4,'2025-12-30','76351',1,'Stone',25.00,200.00,'Pending',0,'2025-12-29 15:45:09','2025-12-29 16:01:38',1,1,NULL,'76351',NULL),(80,NULL,11,4,'2025-12-30','76352',1,'Sand',25.00,200.00,'Pending',0,'2025-12-29 15:47:09','2025-12-29 15:47:36',1,1,NULL,'76352',NULL),(81,NULL,11,4,'2025-12-30','76353',1,'Stone',115.00,155.00,'Pending',0,'2025-12-29 15:47:56','2025-12-29 15:47:56',1,1,NULL,'76353',NULL),(82,NULL,11,4,'2025-12-30','76354',1,'Stone',15.00,155.00,'Pending',0,'2025-12-29 15:49:47','2025-12-29 15:49:47',1,1,NULL,'76354',NULL),(83,NULL,11,4,'2025-12-30','76355',1,'Stone',15.00,200.00,'Pending',0,'2025-12-29 15:51:11','2025-12-29 15:51:11',1,1,NULL,'76355',NULL),(84,NULL,11,4,'2025-12-30','76356',1,'Sand',115.00,200.00,'Pending',0,'2025-12-29 15:51:38','2025-12-29 16:01:21',1,1,NULL,'76356',NULL),(85,NULL,11,4,'2025-12-30','76357',1,'Stone',15.00,190.00,'Pending',0,'2025-12-29 16:02:11','2025-12-29 16:02:11',1,1,NULL,'76357',NULL),(86,NULL,11,4,'2025-12-30','76358',1,'Stone',15.00,190.00,'Pending',0,'2025-12-29 16:02:27','2025-12-29 16:02:27',1,1,NULL,'76358',NULL),(87,NULL,11,4,'2025-12-30','76359',1,'Sand',190.00,50.00,'Pending',0,'2025-12-29 16:06:39','2025-12-29 16:06:39',1,1,NULL,'76359',NULL),(88,NULL,11,4,'2025-12-30','76360',1,'Stone',25.00,50.00,'Pending',0,'2025-12-29 16:09:14','2025-12-29 16:09:14',1,1,NULL,'76360',NULL),(89,NULL,11,4,'2025-12-30','76361',1,'Stone',15.00,100.00,'Pending',0,'2025-12-29 16:15:56','2025-12-29 16:15:56',1,1,NULL,'76361',NULL),(90,NULL,11,4,'2025-12-30','76362',1,'Stone',15.00,100.00,'Pending',0,'2025-12-29 16:16:05','2025-12-29 16:16:05',1,1,NULL,'76362',NULL),(91,NULL,11,4,'2025-12-30','76363',1,'Stone',115.00,100.00,'Pending',0,'2025-12-29 16:18:49','2025-12-29 16:18:49',1,1,NULL,'76363',NULL),(92,NULL,11,4,'2025-12-30','76364',1,'Sand',115.00,522.00,'Pending',0,'2025-12-29 16:21:59','2025-12-29 16:21:59',1,1,NULL,'76364',NULL),(93,NULL,11,4,'2025-12-30','76365',1,'Sand',25.00,500.00,'Pending',0,'2025-12-29 16:25:26','2025-12-29 16:25:26',1,1,NULL,'76365',NULL),(94,NULL,11,4,'2025-12-30','76366',1,'Stone',115.00,100.00,'Pending',0,'2025-12-29 16:27:30','2025-12-29 16:27:30',1,1,NULL,'76366',NULL),(95,NULL,11,4,'2025-12-30','76367',1,'Sand',25.00,55.00,'Pending',0,'2025-12-29 16:32:15','2025-12-29 16:32:15',1,1,NULL,'76367',NULL),(96,NULL,11,4,'2025-12-30','76368',1,'Sand',15.00,50.00,'Pending',0,'2025-12-29 16:33:55','2025-12-29 16:33:55',1,1,NULL,'76368',NULL),(97,NULL,11,4,'2025-12-29','76369',1,'Sand',25.00,100.00,'Pending',0,'2025-12-29 16:36:16','2025-12-29 16:36:16',1,1,NULL,'76369',NULL),(98,NULL,11,4,'2025-12-30','76370',1,'Sand',115.00,50.00,'Pending',0,'2025-12-29 16:40:52','2025-12-29 16:42:13',1,1,NULL,'76370',NULL),(99,NULL,11,4,'2025-12-30','76371',1,'Stone',1.00,500.00,'Pending',0,'2025-12-29 16:42:29','2025-12-29 16:42:29',1,1,NULL,'76371',NULL),(100,NULL,11,4,'2025-12-30','76372',1,'Stone',15.00,16.00,'Pending',0,'2025-12-29 16:43:32','2025-12-29 16:43:32',1,1,NULL,'76372',NULL),(101,NULL,11,4,'2025-12-30','76373',1,'Sand',115.00,166.00,'Pending',0,'2025-12-29 16:45:44','2025-12-29 16:45:44',1,1,NULL,'76373',NULL),(102,NULL,11,4,'2025-12-30','76374',1,'Sand',115.00,100.00,'Pending',0,'2025-12-29 16:45:58','2025-12-29 16:45:58',1,1,NULL,'76374',NULL),(103,NULL,11,4,'2025-12-30','76375',1,'Sand',115.00,200.00,'Pending',0,'2025-12-29 16:50:16','2025-12-29 16:50:16',1,1,NULL,'76375',NULL),(104,NULL,11,4,'2025-12-30','76376',1,'Sand',115.00,15.00,'Pending',0,'2025-12-29 16:54:17','2025-12-29 16:54:17',1,1,NULL,'76376',NULL),(105,NULL,11,4,'2025-12-30','76377',1,'Sand',115.00,15.00,'Pending',0,'2025-12-29 16:55:45','2025-12-29 16:55:45',1,1,NULL,'76377',NULL),(106,NULL,11,4,'2025-12-30','76378',1,'Stone',15.00,5.00,'Pending',0,'2025-12-29 17:04:13','2025-12-29 17:04:13',1,1,NULL,'76378',NULL),(107,NULL,11,4,'2025-12-30','76379',1,'Sand',500.00,50.00,'Pending',0,'2025-12-29 17:07:56','2025-12-29 17:07:56',1,1,NULL,'76379',NULL),(108,NULL,11,4,'2025-12-30','76380',1,'Stone',25.00,50.00,'Pending',0,'2025-12-29 17:12:26','2025-12-29 17:12:26',1,1,NULL,'76380',NULL),(109,NULL,11,4,'2025-12-30','76381',1,'Stone',25.00,50.00,'Pending',0,'2025-12-29 17:12:44','2025-12-29 17:12:44',1,1,NULL,'76381',NULL),(110,NULL,11,4,'2025-12-30','76382',1,'Sand',25.00,150.00,'Pending',0,'2025-12-29 17:18:48','2025-12-29 17:20:16',1,1,NULL,'76382',NULL),(111,NULL,11,4,'2025-12-30','76383',1,'Sand',25.00,50.00,'Pending',0,'2025-12-29 17:20:35','2025-12-29 17:20:35',1,1,NULL,'76383',NULL),(112,NULL,11,4,'2025-12-30','76384',1,'Sand',25.00,50.00,'Pending',0,'2025-12-29 17:24:08','2025-12-29 17:24:08',1,1,NULL,'76384',NULL),(113,NULL,11,4,'2025-12-30','76385',1,'Sand',25.00,50.00,'Pending',0,'2025-12-29 17:25:33','2025-12-29 17:25:33',1,1,NULL,'76385',NULL),(114,NULL,11,4,'2025-12-30','76386',1,'Sand',25.00,50.00,'Pending',0,'2025-12-29 17:33:40','2025-12-29 17:33:40',1,1,NULL,'76386',NULL),(115,NULL,11,4,'2025-12-30','76387',1,'Sand',25.00,50.00,'Pending',0,'2025-12-29 17:36:26','2025-12-29 17:36:26',1,1,NULL,'76387',NULL),(116,NULL,11,4,'2025-12-30','76388',1,'Sand',25.00,50.00,'Pending',0,'2025-12-29 17:39:07','2025-12-29 17:39:07',1,1,NULL,'76388',NULL),(117,NULL,11,4,'2025-12-30','76389',1,'Sand',115.00,80.00,'Pending',0,'2025-12-29 17:40:50','2025-12-29 17:41:33',1,1,NULL,'76389',NULL),(118,NULL,11,4,'2025-12-30','76390',1,'Sand',115.00,50.00,'Pending',0,'2025-12-29 17:42:47','2025-12-29 17:42:47',1,1,NULL,'76390',NULL),(119,NULL,11,4,'2025-12-30','76391',1,'Sand',50.00,54.00,'Pending',0,'2025-12-29 17:45:31','2025-12-29 17:45:31',1,1,NULL,'76391',NULL),(120,NULL,11,4,'2025-12-30','76392',1,'Sand',15.00,50.00,'Pending',0,'2025-12-29 18:04:17','2025-12-29 18:04:17',1,1,NULL,'76392',NULL),(121,NULL,11,4,'2025-12-30','76393',1,'Sand',25.00,50.00,'Pending',0,'2025-12-29 18:14:52','2025-12-29 18:14:52',1,1,NULL,'76393',NULL),(122,NULL,11,4,'2025-12-30','76394',1,'Sand',50.00,500.00,'Pending',0,'2025-12-29 18:18:20','2025-12-29 18:18:20',1,1,NULL,'76394',NULL),(123,NULL,11,4,'2025-12-30','76395',1,'Stone',115.00,100.00,'Pending',0,'2025-12-29 18:21:59','2025-12-29 18:41:24',1,1,NULL,'76395',NULL),(124,NULL,11,4,'2025-12-30','76396',1,'Sand',50.00,60.00,'Pending',0,'2025-12-29 19:25:39','2025-12-29 19:25:39',1,1,NULL,'76396',NULL),(125,NULL,11,4,'2025-12-30','76397',1,'Sand',15.00,50.00,'Pending',0,'2025-12-29 19:25:58','2025-12-29 19:25:58',1,1,NULL,'76397',NULL),(126,NULL,11,4,'2025-12-30','76398',1,'Sand',598.00,100.00,'Pending',0,'2025-12-29 20:13:02','2025-12-29 20:13:02',1,1,NULL,'76398',NULL),(127,NULL,11,4,'2025-12-30','76399',1,'Stone',50.00,169.00,'Pending',0,'2025-12-29 20:13:42','2025-12-29 20:13:42',1,1,NULL,'76399',NULL),(128,NULL,11,4,'2025-12-30','76400',1,'Sand',45.00,654.00,'Pending',0,'2025-12-29 20:13:42','2025-12-29 20:13:42',1,1,NULL,'76400',NULL),(129,NULL,11,4,'2025-12-30','76401',1,'Stone',45.00,345.00,'Pending',0,'2025-12-29 20:13:42','2025-12-29 20:13:42',1,1,NULL,'76401',NULL),(130,NULL,11,4,'2025-12-30','76402',1,'Sand',25.00,500.00,'Pending',0,'2025-12-29 20:14:29','2025-12-29 20:14:29',1,1,NULL,'76402',NULL);
/*!40000 ALTER TABLE `delivery` ENABLE KEYS */;
UNLOCK TABLES;

--
-- Table structure for table `materials`
--

DROP TABLE IF EXISTS `materials`;
/*!40101 SET @saved_cs_client     = @@character_set_client */;
/*!50503 SET character_set_client = utf8mb4 */;
CREATE TABLE `materials` (
  `material_id` int NOT NULL AUTO_INCREMENT,
  `material_name` varchar(100) NOT NULL,
  `unit_price` decimal(10,2) NOT NULL DEFAULT '0.00',
  `status` enum('active','inactive') NOT NULL DEFAULT 'active',
  `is_deleted` tinyint(1) NOT NULL DEFAULT '0',
  `date_created` datetime NOT NULL,
  `date_edited` datetime NOT NULL,
  `created_by` int DEFAULT NULL,
  `edited_by` int DEFAULT NULL,
  PRIMARY KEY (`material_id`)
) ENGINE=InnoDB AUTO_INCREMENT=3 DEFAULT CHARSET=utf8mb4 COLLATE=utf8mb4_0900_ai_ci;
/*!40101 SET character_set_client = @saved_cs_client */;

--
-- Dumping data for table `materials`
--

LOCK TABLES `materials` WRITE;
/*!40000 ALTER TABLE `materials` DISABLE KEYS */;
INSERT INTO `materials` VALUES (1,'Stone',0.00,'active',0,'2025-12-18 13:48:07','2025-12-18 13:48:07',1,1),(2,'Sand',0.00,'active',0,'2025-12-29 15:16:57','2025-12-29 15:17:11',1,1);
/*!40000 ALTER TABLE `materials` ENABLE KEYS */;
UNLOCK TABLES;

--
-- Table structure for table `site`
--

DROP TABLE IF EXISTS `site`;
/*!40101 SET @saved_cs_client     = @@character_set_client */;
/*!50503 SET character_set_client = utf8mb4 */;
CREATE TABLE `site` (
  `site_id` int NOT NULL AUTO_INCREMENT,
  `site_name` varchar(100) NOT NULL,
  `remarks` varchar(255) DEFAULT NULL,
  `location` text,
  `status` enum('Active','Inactive') DEFAULT 'Active',
  `is_deleted` tinyint(1) DEFAULT '0',
  `date_created` datetime DEFAULT CURRENT_TIMESTAMP,
  `date_edited` datetime DEFAULT NULL ON UPDATE CURRENT_TIMESTAMP,
  `created_by` int DEFAULT NULL,
  `edited_by` int DEFAULT NULL,
  PRIMARY KEY (`site_id`),
  KEY `created_by` (`created_by`),
  KEY `edited_by` (`edited_by`),
  CONSTRAINT `site_ibfk_1` FOREIGN KEY (`created_by`) REFERENCES `admin` (`admin_id`) ON DELETE SET NULL ON UPDATE CASCADE,
  CONSTRAINT `site_ibfk_2` FOREIGN KEY (`edited_by`) REFERENCES `admin` (`admin_id`) ON DELETE SET NULL ON UPDATE CASCADE
) ENGINE=InnoDB AUTO_INCREMENT=2 DEFAULT CHARSET=utf8mb4 COLLATE=utf8mb4_0900_ai_ci;
/*!40101 SET character_set_client = @saved_cs_client */;

--
-- Dumping data for table `site`
--

LOCK TABLES `site` WRITE;
/*!40000 ALTER TABLE `site` DISABLE KEYS */;
INSERT INTO `site` VALUES (1,'Marikina','Big Storage','Marikina City','Active',0,'2025-12-18 13:48:03','2025-12-18 13:48:03',1,1);
/*!40000 ALTER TABLE `site` ENABLE KEYS */;
UNLOCK TABLES;

--
-- Table structure for table `statement_of_account`
--

DROP TABLE IF EXISTS `statement_of_account`;
/*!40101 SET @saved_cs_client     = @@character_set_client */;
/*!50503 SET character_set_client = utf8mb4 */;
CREATE TABLE `statement_of_account` (
  `soa_id` int NOT NULL AUTO_INCREMENT,
  `soa_no` varchar(30) NOT NULL,
  `company_id` int NOT NULL,
  `site_id` int DEFAULT NULL,
  `terms` varchar(255) NOT NULL,
  `billing_date` date DEFAULT NULL,
  `is_deleted` tinyint(1) NOT NULL DEFAULT '0',
  `created_by` int NOT NULL,
  `edited_by` int DEFAULT NULL,
  `date_created` datetime NOT NULL,
  `date_edited` datetime DEFAULT NULL,
  `date_finalized` datetime DEFAULT NULL,
  PRIMARY KEY (`soa_id`),
  UNIQUE KEY `soa_no` (`soa_no`),
  KEY `fk_soa_company` (`company_id`),
  KEY `idx_soa_site` (`site_id`),
  CONSTRAINT `fk_soa_company` FOREIGN KEY (`company_id`) REFERENCES `company` (`company_id`) ON DELETE RESTRICT ON UPDATE CASCADE
) ENGINE=InnoDB AUTO_INCREMENT=12 DEFAULT CHARSET=utf8mb4 COLLATE=utf8mb4_0900_ai_ci;
/*!40101 SET character_set_client = @saved_cs_client */;

--
-- Dumping data for table `statement_of_account`
--

LOCK TABLES `statement_of_account` WRITE;
/*!40000 ALTER TABLE `statement_of_account` DISABLE KEYS */;
INSERT INTO `statement_of_account` VALUES (1,'SOA-2025-0001',1,1,'*','2025-12-18',0,1,1,'2025-12-18 13:48:52','2025-12-18 19:09:02',NULL),(2,'SOA-2025-0002',1,1,'15','2025-12-18',0,1,1,'2025-12-18 13:51:34','2025-12-18 13:52:02',NULL),(3,'SOA-2025-0003',1,1,'*','2025-12-19',0,1,1,'2025-12-18 14:01:16','2025-12-18 18:25:48',NULL),(4,'SOA-2025-0004',1,1,'*','2025-12-18',0,1,1,'2025-12-18 18:52:27','2025-12-18 19:09:47',NULL),(5,'SOA-2025-0005',1,1,'*','2025-12-21',0,1,1,'2025-12-18 19:12:17','2025-12-21 14:55:38',NULL),(6,'SOA-2025-0006',2,1,'*','2025-12-27',0,1,1,'2025-12-21 17:40:57','2025-12-21 17:40:57',NULL),(7,'SOA-2025-0007',2,1,'64','2025-12-22',0,1,1,'2025-12-22 16:41:45','2025-12-22 16:42:30',NULL),(8,'SOA-2025-0008',2,1,'50','2025-12-27',0,1,1,'2025-12-22 17:55:30','2025-12-22 17:55:30',NULL),(9,'SOA-2025-0009',3,1,'*','2025-12-22',0,1,1,'2025-12-22 18:00:09','2025-12-22 18:07:23',NULL),(10,'SOA-2025-0010',3,1,'78','2025-12-29',0,1,1,'2025-12-29 13:37:51','2025-12-29 13:37:51',NULL),(11,'SOA-2025-0011',4,1,'30','2025-12-29',0,1,1,'2025-12-29 15:25:16','2025-12-29 15:25:16',NULL);
/*!40000 ALTER TABLE `statement_of_account` ENABLE KEYS */;
UNLOCK TABLES;

--
-- Table structure for table `truck`
--

DROP TABLE IF EXISTS `truck`;
/*!40101 SET @saved_cs_client     = @@character_set_client */;
/*!50503 SET character_set_client = utf8mb4 */;
CREATE TABLE `truck` (
  `truck_id` int NOT NULL AUTO_INCREMENT,
  `plate_no` varchar(20) NOT NULL,
  `capacity` decimal(10,2) DEFAULT NULL,
  `truck_model` varchar(100) DEFAULT NULL,
  `status` enum('Active','Inactive','Under Maintenance') DEFAULT 'Active',
  `is_deleted` tinyint(1) DEFAULT '0',
  `date_created` datetime DEFAULT CURRENT_TIMESTAMP,
  `date_edited` datetime DEFAULT NULL ON UPDATE CURRENT_TIMESTAMP,
  `created_by` int DEFAULT NULL,
  `edited_by` int DEFAULT NULL,
  PRIMARY KEY (`truck_id`),
  UNIQUE KEY `plate_no` (`plate_no`),
  KEY `created_by` (`created_by`),
  KEY `edited_by` (`edited_by`),
  CONSTRAINT `truck_ibfk_1` FOREIGN KEY (`created_by`) REFERENCES `admin` (`admin_id`) ON DELETE SET NULL ON UPDATE CASCADE,
  CONSTRAINT `truck_ibfk_2` FOREIGN KEY (`edited_by`) REFERENCES `admin` (`admin_id`) ON DELETE SET NULL ON UPDATE CASCADE
) ENGINE=InnoDB AUTO_INCREMENT=3 DEFAULT CHARSET=utf8mb4 COLLATE=utf8mb4_0900_ai_ci;
/*!40101 SET character_set_client = @saved_cs_client */;

--
-- Dumping data for table `truck`
--

LOCK TABLES `truck` WRITE;
/*!40000 ALTER TABLE `truck` DISABLE KEYS */;
INSERT INTO `truck` VALUES (1,'ABF 7386',30.00,'Avanza','Active',0,'2025-12-18 13:48:17','2025-12-18 13:48:17',1,1),(2,'HGD 1636',45.00,'L300','Inactive',0,'2025-12-29 15:17:28','2025-12-29 15:17:28',1,1);
/*!40000 ALTER TABLE `truck` ENABLE KEYS */;
UNLOCK TABLES;

--
-- Final view structure for view `active_company`
--

/*!50001 DROP VIEW IF EXISTS `active_company`*/;
/*!50001 SET @saved_cs_client          = @@character_set_client */;
/*!50001 SET @saved_cs_results         = @@character_set_results */;
/*!50001 SET @saved_col_connection     = @@collation_connection */;
/*!50001 SET character_set_client      = utf8mb4 */;
/*!50001 SET character_set_results     = utf8mb4 */;
/*!50001 SET collation_connection      = utf8mb4_0900_ai_ci */;
/*!50001 CREATE ALGORITHM=UNDEFINED */
/*!50013 DEFINER=`root`@`localhost` SQL SECURITY DEFINER */
/*!50001 VIEW `active_company` AS select `company`.`company_id` AS `company_id`,`company`.`company_name` AS `company_name`,`company`.`address` AS `address`,`company`.`contact_no` AS `contact_no`,`company`.`email` AS `email`,`company`.`status` AS `status`,`company`.`is_deleted` AS `is_deleted`,`company`.`date_created` AS `date_created`,`company`.`date_edited` AS `date_edited`,`company`.`created_by` AS `created_by`,`company`.`edited_by` AS `edited_by` from `company` where (`company`.`is_deleted` = 0) */;
/*!50001 SET character_set_client      = @saved_cs_client */;
/*!50001 SET character_set_results     = @saved_cs_results */;
/*!50001 SET collation_connection      = @saved_col_connection */;

--
-- Final view structure for view `active_customer`
--

/*!50001 DROP VIEW IF EXISTS `active_customer`*/;
/*!50001 SET @saved_cs_client          = @@character_set_client */;
/*!50001 SET @saved_cs_results         = @@character_set_results */;
/*!50001 SET @saved_col_connection     = @@collation_connection */;
/*!50001 SET character_set_client      = utf8mb4 */;
/*!50001 SET character_set_results     = utf8mb4 */;
/*!50001 SET collation_connection      = utf8mb4_0900_ai_ci */;
/*!50001 CREATE ALGORITHM=UNDEFINED */
/*!50013 DEFINER=`root`@`localhost` SQL SECURITY DEFINER */
/*!50001 VIEW `active_customer` AS select `customer`.`customer_id` AS `customer_id`,`customer`.`company_id` AS `company_id`,`customer`.`contractor_id` AS `contractor_id`,`customer`.`site_id` AS `site_id`,`customer`.`customer_name` AS `customer_name`,`customer`.`contact_no` AS `contact_no`,`customer`.`email` AS `email`,`customer`.`address` AS `address`,`customer`.`status` AS `status`,`customer`.`is_deleted` AS `is_deleted`,`customer`.`date_created` AS `date_created`,`customer`.`date_edited` AS `date_edited`,`customer`.`created_by` AS `created_by`,`customer`.`edited_by` AS `edited_by` from `customer` where (`customer`.`is_deleted` = 0) */;
/*!50001 SET character_set_client      = @saved_cs_client */;
/*!50001 SET character_set_results     = @saved_cs_results */;
/*!50001 SET collation_connection      = @saved_col_connection */;

--
-- Final view structure for view `active_delivery`
--

/*!50001 DROP VIEW IF EXISTS `active_delivery`*/;
/*!50001 SET @saved_cs_client          = @@character_set_client */;
/*!50001 SET @saved_cs_results         = @@character_set_results */;
/*!50001 SET @saved_col_connection     = @@collation_connection */;
/*!50001 SET character_set_client      = utf8mb4 */;
/*!50001 SET character_set_results     = utf8mb4 */;
/*!50001 SET collation_connection      = utf8mb4_0900_ai_ci */;
/*!50001 CREATE ALGORITHM=UNDEFINED */
/*!50013 DEFINER=`root`@`localhost` SQL SECURITY DEFINER */
/*!50001 VIEW `active_delivery` AS select `delivery`.`del_id` AS `del_id`,`delivery`.`customer_id` AS `customer_id`,`delivery`.`delivery_date` AS `delivery_date`,`delivery`.`dr_no` AS `dr_no`,`delivery`.`truck_id` AS `truck_id`,`delivery`.`billing_date` AS `billing_date`,`delivery`.`material` AS `material`,`delivery`.`quantity` AS `quantity`,`delivery`.`unit_price` AS `unit_price`,`delivery`.`status` AS `status`,`delivery`.`is_deleted` AS `is_deleted`,`delivery`.`date_created` AS `date_created`,`delivery`.`date_edited` AS `date_edited`,`delivery`.`created_by` AS `created_by`,`delivery`.`edited_by` AS `edited_by` from `delivery` where (`delivery`.`is_deleted` = 0) */;
/*!50001 SET character_set_client      = @saved_cs_client */;
/*!50001 SET character_set_results     = @saved_cs_results */;
/*!50001 SET collation_connection      = @saved_col_connection */;

--
-- Final view structure for view `active_truck`
--

/*!50001 DROP VIEW IF EXISTS `active_truck`*/;
/*!50001 SET @saved_cs_client          = @@character_set_client */;
/*!50001 SET @saved_cs_results         = @@character_set_results */;
/*!50001 SET @saved_col_connection     = @@collation_connection */;
/*!50001 SET character_set_client      = utf8mb4 */;
/*!50001 SET character_set_results     = utf8mb4 */;
/*!50001 SET collation_connection      = utf8mb4_0900_ai_ci */;
/*!50001 CREATE ALGORITHM=UNDEFINED */
/*!50013 DEFINER=`root`@`localhost` SQL SECURITY DEFINER */
/*!50001 VIEW `active_truck` AS select `truck`.`truck_id` AS `truck_id`,`truck`.`plate_no` AS `plate_no`,`truck`.`capacity` AS `capacity`,`truck`.`truck_model` AS `truck_model`,`truck`.`status` AS `status`,`truck`.`is_deleted` AS `is_deleted`,`truck`.`date_created` AS `date_created`,`truck`.`date_edited` AS `date_edited`,`truck`.`created_by` AS `created_by`,`truck`.`edited_by` AS `edited_by` from `truck` where (`truck`.`is_deleted` = 0) */;
/*!50001 SET character_set_client      = @saved_cs_client */;
/*!50001 SET character_set_results     = @saved_cs_results */;
/*!50001 SET collation_connection      = @saved_col_connection */;
/*!40103 SET TIME_ZONE=@OLD_TIME_ZONE */;

/*!40101 SET SQL_MODE=@OLD_SQL_MODE */;
/*!40014 SET FOREIGN_KEY_CHECKS=@OLD_FOREIGN_KEY_CHECKS */;
/*!40014 SET UNIQUE_CHECKS=@OLD_UNIQUE_CHECKS */;
/*!40101 SET CHARACTER_SET_CLIENT=@OLD_CHARACTER_SET_CLIENT */;
/*!40101 SET CHARACTER_SET_RESULTS=@OLD_CHARACTER_SET_RESULTS */;
/*!40101 SET COLLATION_CONNECTION=@OLD_COLLATION_CONNECTION */;
/*!40111 SET SQL_NOTES=@OLD_SQL_NOTES */;

-- Dump completed on 2025-12-29 20:25:44
